,City,Datetime,TrafficIndexLive,JamsCount,JamsDelay,JamsLength,TrafficIndexWeekAgo,TravelTimeHistoric,TravelTimeLive,datetime,year,date,time
128231,Riyadh,2024-01-04 06:46:30,17,78,300.8,120.4,21.0,69.1175660874626,70.9880004190373,2024-01-04 06:46:30,2024,2024-01-04,06:46:30
128232,Riyadh,2024-01-04 07:46:30,26,131,479.3,134.7,34.0,73.2144700629524,76.6037829853433,2024-01-04 07:46:30,2024,2024-01-04,07:46:30
128233,Riyadh,2024-01-04 08:01:30,23,111,392.6,108.5,30.0,72.6793741547493,74.8663925560355,2024-01-04 08:01:30,2024,2024-01-04,08:01:30
128234,Riyadh,2024-01-04 09:46:30,20,121,449.1,116.9,18.0,72.2161000085261,72.2670657585832,2024-01-04 09:46:30,2024,2024-01-04,09:46:30
128235,Riyadh,2024-01-04 10:01:30,20,120,429.0,111.5,20.0,72.3423709255817,72.410416978941,2024-01-04 10:01:30,2024,2024-01-04,10:01:30
128255,Riyadh,2024-01-05 06:01:30,0,14,40.8,6.8,4.0,56.6394649470812,55.7212064047524,2024-01-05 06:01:30,2024,2024-01-05,06:01:30
128256,Riyadh,2024-01-05 07:01:30,0,19,45.8,6.6,1.0,55.5720758707487,54.4573507341742,2024-01-05 07:01:30,2024,2024-01-05,07:01:30
128257,Riyadh,2024-01-05 08:01:30,0,15,44.0,9.2,2.0,55.6253991608932,54.333294674882,2024-01-05 08:01:30,2024,2024-01-05,08:01:30
128258,Riyadh,2024-01-05 09:01:30,0,23,79.6,8.2,11.0,56.5450214460561,55.5415753196607,2024-01-05 09:01:30,2024,2024-01-05,09:01:30
128259,Riyadh,2024-01-05 10:01:30,0,22,81.9,8.1,11.0,56.9116447571402,56.0651289609966,2024-01-05 10:01:30,2024,2024-01-05,10:01:30
128279,Riyadh,2024-01-06 06:31:30,4,25,122.7,26.1,3.0,57.3568214842081,58.0664339393759,2024-01-06 06:31:30,2024,2024-01-06,06:31:30
128280,Riyadh,2024-01-06 07:01:30,4,29,112.3,23.0,2.0,57.1812682760561,57.6589631945904,2024-01-06 07:01:30,2024,2024-01-06,07:01:30
128281,Riyadh,2024-01-06 08:46:30,5,35,163.8,25.5,5.0,60.267246521907,59.3949345485055,2024-01-06 08:46:30,2024,2024-01-06,08:46:30
128282,Riyadh,2024-01-06 09:46:30,9,70,281.3,55.2,9.0,62.8478674826069,62.5664084387793,2024-01-06 09:46:30,2024,2024-01-06,09:46:30
128283,Riyadh,2024-01-06 10:46:30,13,111,523.6,71.5,13.0,65.2684934997587,66.0803603765431,2024-01-06 10:46:30,2024,2024-01-06,10:46:30
128303,Riyadh,2024-01-07 06:46:30,7,41,191.5,42.0,27.0,68.1139050364297,59.4254464848066,2024-01-07 06:46:30,2024,2024-01-07,06:46:30
128304,Riyadh,2024-01-07 07:46:30,13,73,271.5,82.5,47.0,78.8689465850969,66.0424041918606,2024-01-07 07:46:30,2024,2024-01-07,07:46:30
128305,Riyadh,2024-01-07 08:46:30,17,69,270.1,79.5,46.0,77.829717085483,68.8322283239991,2024-01-07 08:46:30,2024,2024-01-07,08:46:30
128306,Riyadh,2024-01-07 09:31:30,20,79,285.1,102.2,28.0,77.0549245889408,70.8877884969456,2024-01-07 09:31:30,2024,2024-01-07,09:31:30
128307,Riyadh,2024-01-07 10:01:30,20,110,378.2,96.5,23.0,75.6586775115021,71.0245831579268,2024-01-07 10:01:30,2024,2024-01-07,10:01:30
128327,Riyadh,2024-01-08 06:46:30,5,37,132.1,31.5,26.0,68.6512279676036,58.7410748635859,2024-01-08 06:46:30,2024,2024-01-08,06:46:30
128328,Riyadh,2024-01-08 07:46:30,16,73,297.0,99.9,45.0,79.4000618181086,67.7784490207471,2024-01-08 07:46:30,2024,2024-01-08,07:46:30
128329,Riyadh,2024-01-08 08:16:30,20,73,284.4,97.2,43.0,79.3839788567485,70.6604578140282,2024-01-08 08:16:30,2024,2024-01-08,08:16:30
128330,Riyadh,2024-01-08 09:16:30,23,91,312.8,115.1,26.0,78.2709592602266,72.8753974949839,2024-01-08 09:16:30,2024,2024-01-08,09:16:30
128331,Riyadh,2024-01-08 10:01:30,22,116,417.2,107.1,19.0,76.5489794909738,72.4480567216828,2024-01-08 10:01:30,2024,2024-01-08,10:01:30
128351,Riyadh,2024-01-09 06:46:30,3,32,104.4,31.8,24.0,68.3175800189965,57.7369026279914,2024-01-09 06:46:30,2024,2024-01-09,06:46:30
128352,Riyadh,2024-01-09 07:46:30,12,71,269.9,87.0,44.0,78.0487004360968,65.1492243700142,2024-01-09 07:46:30,2024,2024-01-09,07:46:30
128353,Riyadh,2024-01-09 08:46:00,18,69,277.5,97.3,42.0,77.5503794031128,69.3885726782457,2024-01-09 08:46:00,2024,2024-01-09,08:46:00
128354,Riyadh,2024-01-09 09:31:30,22,100,377.7,121.1,27.0,77.1700345200948,72.0084137159974,2024-01-09 09:31:30,2024,2024-01-09,09:31:30
128355,Riyadh,2024-01-09 10:01:30,21,110,411.9,109.2,22.0,76.2428252957776,71.6818287719169,2024-01-09 10:01:30,2024,2024-01-09,10:01:30
128375,Riyadh,2024-01-10 06:46:30,3,29,103.0,28.2,26.0,67.1503424248835,57.5925914113499,2024-01-10 06:46:30,2024,2024-01-10,06:46:30
128376,Riyadh,2024-01-10 07:46:30,13,73,302.7,100.9,44.0,76.258936370105,65.7138224663483,2024-01-10 07:46:30,2024,2024-01-10,07:46:30
128377,Riyadh,2024-01-10 08:16:30,17,79,282.9,92.7,43.0,76.1611562838941,68.5425633844317,2024-01-10 08:16:30,2024,2024-01-10,08:16:30
128378,Riyadh,2024-01-10 09:31:30,22,94,395.7,115.9,28.0,75.4866657483127,72.2349455983508,2024-01-10 09:31:30,2024,2024-01-10,09:31:30
128379,Riyadh,2024-01-10 10:01:00,22,109,407.7,128.9,24.0,74.8189216273439,72.7813321929686,2024-01-10 10:01:00,2024,2024-01-10,10:01:00
128399,Riyadh,2024-01-11 06:31:30,1,22,82.8,17.4,17.0,61.5635216836574,55.5697803707125,2024-01-11 06:31:30,2024,2024-01-11,06:31:30
128400,Riyadh,2024-01-11 07:46:30,8,59,189.8,75.5,26.0,70.6635057304562,62.5392103715621,2024-01-11 07:46:30,2024,2024-01-11,07:46:30
128401,Riyadh,2024-01-11 08:46:30,13,45,156.0,66.6,23.0,70.5438722376976,66.3428866664289,2024-01-11 08:46:30,2024,2024-01-11,08:46:30
128402,Riyadh,2024-01-11 09:46:30,17,102,371.0,106.6,20.0,71.5361117601105,68.817743288539,2024-01-11 09:46:30,2024,2024-01-11,09:46:30
128403,Riyadh,2024-01-11 10:01:30,17,94,335.6,108.7,20.0,71.7639391701247,69.1568582592547,2024-01-11 10:01:30,2024,2024-01-11,10:01:30
128423,Riyadh,2024-01-12 06:01:30,0,8,27.4,6.4,0.0,57.1077755569101,55.6007227622453,2024-01-12 06:01:30,2024,2024-01-12,06:01:30
128424,Riyadh,2024-01-12 07:01:30,0,20,67.6,10.7,0.0,56.4309348127999,54.7593874237211,2024-01-12 07:01:30,2024,2024-01-12,07:01:30
128425,Riyadh,2024-01-12 08:01:30,0,14,44.7,6.1,0.0,56.5234956816893,54.658657454124,2024-01-12 08:01:30,2024,2024-01-12,08:01:30
128426,Riyadh,2024-01-12 09:01:30,0,17,58.5,10.0,0.0,57.0142585230223,55.1231204077612,2024-01-12 09:01:30,2024,2024-01-12,09:01:30
128427,Riyadh,2024-01-12 10:01:30,0,21,76.0,10.7,0.0,57.4840546830374,55.7514617402485,2024-01-12 10:01:30,2024,2024-01-12,10:01:30
128447,Riyadh,2024-01-13 06:16:30,2,18,91.6,20.8,4.0,57.7911069416755,57.0189032972975,2024-01-13 06:16:30,2024,2024-01-13,06:16:30
128448,Riyadh,2024-01-13 07:01:30,1,24,90.9,16.5,4.0,57.4572199583762,56.538886773693,2024-01-13 07:01:30,2024,2024-01-13,07:01:30
128449,Riyadh,2024-01-13 08:31:30,3,20,78.5,14.5,5.0,59.8348867440583,58.2811335954145,2024-01-13 08:31:30,2024,2024-01-13,08:31:30
128450,Riyadh,2024-01-13 09:46:30,7,58,202.3,42.6,9.0,62.6616269682279,61.5129722395607,2024-01-13 09:46:30,2024,2024-01-13,09:46:30
128451,Riyadh,2024-01-13 10:31:30,10,98,353.7,75.6,13.0,64.7551767070931,63.9193129323784,2024-01-13 10:31:30,2024,2024-01-13,10:31:30
129407,Riyadh,2024-02-22 06:01:30,0,9,21.3,4.6,30.0,57.3503165575834,54.3013468978154,2024-02-22 06:01:30,2024,2024-02-22,06:01:30
129408,Riyadh,2024-02-22 07:01:30,0,14,50.9,4.8,45.0,63.8723996354128,54.0965452409757,2024-02-22 07:01:30,2024,2024-02-22,07:01:30
129409,Riyadh,2024-02-22 08:46:30,1,11,43.3,1.9,41.0,66.8535824990553,55.9342983790074,2024-02-22 08:46:30,2024,2024-02-22,08:46:30
129410,Riyadh,2024-02-22 09:46:30,4,24,76.3,11.2,42.0,68.8751727674472,58.2845613359869,2024-02-22 09:46:30,2024,2024-02-22,09:46:30
129411,Riyadh,2024-02-22 10:46:30,7,68,237.4,28.7,43.0,70.1402827191235,61.3848572800039,2024-02-22 10:46:30,2024,2024-02-22,10:46:30
129431,Riyadh,2024-02-23 06:01:30,1,9,25.1,2.7,0.0,56.653349996217,56.1894586809461,2024-02-23 06:01:30,2024,2024-02-23,06:01:30
129432,Riyadh,2024-02-23 07:01:30,0,12,60.7,7.2,0.0,55.7459866413189,54.5350627838586,2024-02-23 07:01:30,2024,2024-02-23,07:01:30
129433,Riyadh,2024-02-23 08:01:30,0,9,44.7,5.8,0.0,55.3844370740769,54.0978640667066,2024-02-23 08:01:30,2024,2024-02-23,08:01:30
129434,Riyadh,2024-02-23 09:01:30,0,18,85.5,10.6,0.0,56.1650084474389,54.8312035459908,2024-02-23 09:01:30,2024,2024-02-23,09:01:30
129435,Riyadh,2024-02-23 10:01:30,0,12,41.0,4.2,0.0,56.527333612012,55.1444013964218,2024-02-23 10:01:30,2024,2024-02-23,10:01:30
129455,Riyadh,2024-02-24 06:01:30,3,17,63.4,19.7,3.0,56.6940367184168,56.443992598471,2024-02-24 06:01:30,2024,2024-02-24,06:01:30
129456,Riyadh,2024-02-24 07:46:30,3,24,98.2,17.0,3.0,57.4450147296212,56.5986851506913,2024-02-24 07:46:30,2024,2024-02-24,07:46:30
129457,Riyadh,2024-02-24 08:46:30,5,33,99.2,18.3,6.0,59.4162666087969,58.1616947506585,2024-02-24 08:46:30,2024,2024-02-24,08:46:30
129458,Riyadh,2024-02-24 09:31:30,7,49,156.1,25.5,10.0,61.5258801241456,60.0781231275936,2024-02-24 09:31:30,2024,2024-02-24,09:31:30
129459,Riyadh,2024-02-24 10:46:30,11,101,338.4,62.3,14.0,64.4875453800047,63.5351764688388,2024-02-24 10:46:30,2024,2024-02-24,10:46:30
129479,Riyadh,2024-02-25 06:46:30,8,39,127.4,52.4,36.0,67.8753293127297,59.6059239868685,2024-02-25 06:46:30,2024,2024-02-25,06:46:30
129480,Riyadh,2024-02-25 07:46:30,15,81,282.5,90.2,57.0,78.0412250961031,66.2468807523324,2024-02-25 07:46:30,2024,2024-02-25,07:46:30
129481,Riyadh,2024-02-25 08:46:30,20,80,298.4,108.9,56.0,76.8415962651633,69.9014690459873,2024-02-25 08:46:30,2024,2024-02-25,08:46:30
129482,Riyadh,2024-02-25 09:16:30,23,109,388.6,115.4,54.0,76.2843246701225,71.6702824113989,2024-02-25 09:16:30,2024,2024-02-25,09:16:30
129483,Riyadh,2024-02-25 10:01:30,23,122,451.0,120.6,54.0,74.3650176797849,71.7811264322117,2024-02-25 10:01:30,2024,2024-02-25,10:01:30
129503,Riyadh,2024-02-26 06:31:30,4,32,127.3,28.7,32.0,63.986046329682,56.1524180015754,2024-02-26 06:31:30,2024,2024-02-26,06:31:30
129504,Riyadh,2024-02-26 07:46:30,14,75,273.2,94.1,47.0,78.9350222193826,65.5649558465535,2024-02-26 07:46:30,2024,2024-02-26,07:46:30
129505,Riyadh,2024-02-26 08:46:30,21,90,340.9,118.0,45.0,77.6910513451342,70.7965842724378,2024-02-26 08:46:30,2024,2024-02-26,08:46:30
129506,Riyadh,2024-02-26 09:31:30,26,107,396.1,138.5,53.0,76.8249936804523,73.371119572929,2024-02-26 09:31:30,2024,2024-02-26,09:31:30
129507,Riyadh,2024-02-26 10:01:30,25,125,502.7,135.4,53.0,75.3826876572009,73.0185842418109,2024-02-26 10:01:30,2024,2024-02-26,10:01:30
129527,Riyadh,2024-02-27 06:46:30,4,36,121.7,30.3,26.0,68.1520364544337,57.4613160345076,2024-02-27 06:46:30,2024,2024-02-27,06:46:30
129528,Riyadh,2024-02-27 07:46:30,15,82,284.1,104.3,38.0,78.2207284024184,66.0754122567946,2024-02-27 07:46:30,2024,2024-02-27,07:46:30
129529,Riyadh,2024-02-27 08:46:30,23,109,438.5,132.8,38.0,77.0836477592589,72.2459871650161,2024-02-27 08:46:30,2024,2024-02-27,08:46:30
129530,Riyadh,2024-02-27 09:46:30,29,137,616.3,165.4,49.0,76.2344441617004,75.7955650047819,2024-02-27 09:46:30,2024,2024-02-27,09:46:30
129531,Riyadh,2024-02-27 10:01:30,29,157,671.4,157.7,49.0,75.5086127616789,75.9549574082912,2024-02-27 10:01:30,2024,2024-02-27,10:01:30
129551,Riyadh,2024-02-28 06:46:30,4,21,60.7,29.3,15.0,66.8424023514485,57.3526742845372,2024-02-28 06:46:30,2024,2024-02-28,06:46:30
129552,Riyadh,2024-02-28 07:46:30,13,76,263.3,91.6,23.0,75.5631821916797,64.6225977865997,2024-02-28 07:46:30,2024,2024-02-28,07:46:30
129553,Riyadh,2024-02-28 08:46:30,22,97,398.9,124.2,28.0,75.0219369722672,71.0523163149002,2024-02-28 08:46:30,2024,2024-02-28,08:46:30
129554,Riyadh,2024-02-28 09:46:30,28,150,557.3,167.6,34.0,74.5978057174968,74.8867159238918,2024-02-28 09:46:30,2024,2024-02-28,09:46:30
129555,Riyadh,2024-02-28 10:01:30,27,133,561.0,159.3,34.0,74.0659420500544,74.7747764701832,2024-02-28 10:01:30,2024,2024-02-28,10:01:30
129575,Riyadh,2024-02-29 06:46:30,4,22,74.0,23.7,0.0,63.810746410911,57.1303958206299,2024-02-29 06:46:30,2024,2024-02-29,06:46:30
129576,Riyadh,2024-02-29 07:46:30,12,67,245.2,88.7,0.0,70.2363718386764,64.2153075419742,2024-02-29 07:46:30,2024,2024-02-29,07:46:30
129577,Riyadh,2024-02-29 08:46:30,20,83,320.0,111.3,1.0,70.1980768444401,69.5138205488048,2024-02-29 08:46:30,2024,2024-02-29,08:46:30
129578,Riyadh,2024-02-29 09:46:30,24,139,488.1,147.0,4.0,71.3075364845189,72.6863609974876,2024-02-29 09:46:30,2024,2024-02-29,09:46:30
129579,Riyadh,2024-02-29 10:01:30,25,129,527.6,141.0,7.0,71.2643491938848,73.2397101700302,2024-02-29 10:01:30,2024,2024-02-29,10:01:30
129599,Riyadh,2024-03-01 06:01:30,0,19,74.7,7.9,1.0,56.0968345205235,55.3333136757294,2024-03-01 06:01:30,2024,2024-03-01,06:01:30
129600,Riyadh,2024-03-01 07:01:30,0,22,100.3,10.5,0.0,55.8783198189845,55.0287368817982,2024-03-01 07:01:30,2024,2024-03-01,07:01:30
129601,Riyadh,2024-03-01 08:31:30,1,20,75.1,6.5,0.0,56.2590095000227,55.6209119975243,2024-03-01 08:31:30,2024,2024-03-01,08:31:30
129602,Riyadh,2024-03-01 09:01:30,1,25,96.3,9.1,0.0,56.4487762082385,55.5183840042043,2024-03-01 09:01:30,2024,2024-03-01,09:01:30
129603,Riyadh,2024-03-01 10:01:30,1,26,128.6,7.1,0.0,57.0559604073168,56.137611244038,2024-03-01 10:01:30,2024,2024-03-01,10:01:30
129623,Riyadh,2024-03-02 06:01:30,3,22,94.9,16.8,3.0,56.8683673669619,56.4105024890252,2024-03-02 06:01:30,2024,2024-03-02,06:01:30
129624,Riyadh,2024-03-02 07:46:30,3,33,108.2,19.8,3.0,57.4871740851858,56.6600174985655,2024-03-02 07:46:30,2024,2024-03-02,07:46:30
129625,Riyadh,2024-03-02 08:46:30,7,55,182.1,42.5,5.0,59.7986287263865,59.7072425065352,2024-03-02 08:46:30,2024,2024-03-02,08:46:30
129626,Riyadh,2024-03-02 09:46:30,11,90,371.0,60.4,7.0,62.429707649231,63.0699864477064,2024-03-02 09:46:30,2024,2024-03-02,09:46:30
129627,Riyadh,2024-03-02 10:46:30,15,138,571.5,95.2,11.0,65.0620197045508,66.4237131780752,2024-03-02 10:46:30,2024,2024-03-02,10:46:30
130247,Riyadh,2024-03-28 06:01:30,0,19,56.9,12.1,0.0,57.6740381566858,54.1431265209293,2024-03-28 06:01:30,2024,2024-03-28,06:01:30
130248,Riyadh,2024-03-28 07:01:30,0,6,16.6,3.6,0.0,63.6685630187243,52.9350399038923,2024-03-28 07:01:30,2024,2024-03-28,07:01:30
130249,Riyadh,2024-03-28 08:46:30,2,23,71.1,30.6,9.0,68.685844275538,56.9491339936084,2024-03-28 08:46:30,2024,2024-03-28,08:46:30
130250,Riyadh,2024-03-28 09:46:30,10,51,165.6,71.2,29.0,70.7097527944487,62.4140625468134,2024-03-28 09:46:30,2024,2024-03-28,09:46:30
130251,Riyadh,2024-03-28 10:01:30,12,43,135.4,62.4,28.0,70.7115129676203,63.5394866979625,2024-03-28 10:01:30,2024,2024-03-28,10:01:30
130271,Riyadh,2024-03-29 06:01:30,0,15,50.4,11.4,0.0,55.9376097413459,54.4112620505762,2024-03-29 06:01:30,2024,2024-03-29,06:01:30
130272,Riyadh,2024-03-29 07:01:30,0,9,24.6,3.3,0.0,55.5972900407403,53.022626235526,2024-03-29 07:01:30,2024,2024-03-29,07:01:30
130273,Riyadh,2024-03-29 08:01:30,0,9,30.7,3.2,0.0,54.9888207012703,52.0040777634853,2024-03-29 08:01:30,2024,2024-03-29,08:01:30
130274,Riyadh,2024-03-29 09:01:30,0,6,20.2,5.0,0.0,54.1733700422422,51.0968830592971,2024-03-29 09:01:30,2024,2024-03-29,09:01:30
130275,Riyadh,2024-03-29 10:01:30,0,6,17.2,3.2,0.0,53.5891351427877,50.4310329195263,2024-03-29 10:01:30,2024,2024-03-29,10:01:30
130295,Riyadh,2024-03-30 06:01:30,0,6,22.4,1.7,0.0,57.3441797882117,55.3863680932256,2024-03-30 06:01:30,2024,2024-03-30,06:01:30
130296,Riyadh,2024-03-30 07:01:30,0,11,25.3,1.8,0.0,57.4575548543017,54.0876107411303,2024-03-30 07:01:30,2024,2024-03-30,07:01:30
130297,Riyadh,2024-03-30 08:01:30,0,9,30.9,5.0,0.0,57.2684583187579,53.4050332797119,2024-03-30 08:01:30,2024,2024-03-30,08:01:30
130298,Riyadh,2024-03-30 09:01:30,0,7,31.4,3.1,0.0,58.6587753952217,53.5575861617853,2024-03-30 09:01:30,2024,2024-03-30,09:01:30
130299,Riyadh,2024-03-30 10:01:30,0,14,40.1,11.4,1.0,60.6630978110301,53.6944686375823,2024-03-30 10:01:30,2024,2024-03-30,10:01:30
130319,Riyadh,2024-03-31 06:01:30,0,5,17.9,4.9,0.0,58.6702327663542,54.5660183781214,2024-03-31 06:01:30,2024,2024-03-31,06:01:30
130320,Riyadh,2024-03-31 07:01:30,0,8,18.6,4.5,0.0,68.3626140284795,53.6834919241536,2024-03-31 07:01:30,2024,2024-03-31,07:01:30
130321,Riyadh,2024-03-31 08:01:30,0,6,17.3,1.1,0.0,73.6994666576362,52.8773213049656,2024-03-31 08:01:30,2024,2024-03-31,08:01:30
130322,Riyadh,2024-03-31 09:46:30,8,39,164.0,77.4,13.0,74.5628083508885,60.4198618626842,2024-03-31 09:46:30,2024,2024-03-31,09:46:30
130323,Riyadh,2024-03-31 10:01:30,13,51,191.1,86.8,17.0,74.1381248750009,63.1478644487162,2024-03-31 10:01:30,2024,2024-03-31,10:01:30
130343,Riyadh,2024-04-01 06:01:30,0,11,40.4,6.3,0.0,59.2302504135858,55.3838991757211,2024-04-01 06:01:30,2024,2024-04-01,06:01:30
130344,Riyadh,2024-04-01 07:31:30,1,7,26.4,5.1,0.0,73.6754475371225,56.0686476600421,2024-04-01 07:31:30,2024,2024-04-01,07:31:30
130345,Riyadh,2024-04-01 08:46:30,2,16,43.5,15.6,8.0,75.7214895304404,56.1169945395266,2024-04-01 08:46:30,2024,2024-04-01,08:46:30
130346,Riyadh,2024-04-01 09:46:30,12,42,139.6,86.0,36.0,75.8448771238224,62.5792229081464,2024-04-01 09:46:30,2024,2024-04-01,09:46:30
130347,Riyadh,2024-04-01 10:01:30,15,51,176.2,89.3,38.0,75.2101112309363,64.7742061972642,2024-04-01 10:01:30,2024,2024-04-01,10:01:30
130367,Riyadh,2024-04-02 06:01:30,2,17,121.9,15.6,0.0,59.5898713258555,56.8583609685703,2024-04-02 06:01:30,2024,2024-04-02,06:01:30
130368,Riyadh,2024-04-02 07:01:30,0,14,43.7,13.6,0.0,69.9512510594377,55.922309768486,2024-04-02 07:01:30,2024,2024-04-02,07:01:30
130369,Riyadh,2024-04-02 08:01:30,0,7,15.8,1.5,6.0,74.4301893408773,53.7833206786813,2024-04-02 08:01:30,2024,2024-04-02,08:01:30
130370,Riyadh,2024-04-02 09:46:30,6,40,125.0,69.9,26.0,75.3964136016644,58.9733327426643,2024-04-02 09:46:30,2024,2024-04-02,09:46:30
130371,Riyadh,2024-04-02 10:01:30,10,43,137.8,63.5,27.0,75.0664153343217,61.398444012803,2024-04-02 10:01:30,2024,2024-04-02,10:01:30
130391,Riyadh,2024-04-03 06:01:30,1,24,86.0,15.2,0.0,59.7000887690127,56.4817846354137,2024-04-03 06:01:30,2024,2024-04-03,06:01:30
130392,Riyadh,2024-04-03 07:01:30,0,12,65.1,3.8,0.0,68.8808077091387,55.2324618484035,2024-04-03 07:01:30,2024,2024-04-03,07:01:30
130393,Riyadh,2024-04-03 08:01:30,0,10,24.7,2.9,4.0,72.810056960821,54.3185631437366,2024-04-03 08:01:30,2024,2024-04-03,08:01:30
130394,Riyadh,2024-04-03 09:46:30,5,36,122.6,68.3,18.0,73.7088488392732,58.5178453069439,2024-04-03 09:46:30,2024,2024-04-03,09:46:30
130395,Riyadh,2024-04-03 10:01:30,8,35,102.1,61.3,18.0,73.5323252826917,60.412478705819,2024-04-03 10:01:30,2024,2024-04-03,10:01:30
130415,Riyadh,2024-04-04 06:01:30,1,29,98.2,8.9,0.0,59.1094212427609,56.4989426914971,2024-04-04 06:01:30,2024,2024-04-04,06:01:30
130416,Riyadh,2024-04-04 07:01:30,0,10,43.9,3.9,0.0,65.6063013299031,55.3674877071446,2024-04-04 07:01:30,2024,2024-04-04,07:01:30
130417,Riyadh,2024-04-04 08:01:30,0,10,27.4,2.2,2.0,67.7146797620018,53.9260396971053,2024-04-04 08:01:30,2024,2024-04-04,08:01:30
130418,Riyadh,2024-04-04 09:01:30,0,10,26.1,4.9,10.0,68.285275454184,54.0226182003292,2024-04-04 09:01:30,2024,2024-04-04,09:01:30
130419,Riyadh,2024-04-04 10:01:30,1,10,34.1,13.0,12.0,69.8868660887534,55.605732193791,2024-04-04 10:01:30,2024,2024-04-04,10:01:30
130439,Riyadh,2024-04-05 06:01:30,0,27,93.9,10.3,0.0,57.3672408177415,56.2611765791547,2024-04-05 06:01:30,2024,2024-04-05,06:01:30
130440,Riyadh,2024-04-05 07:01:30,0,13,39.8,6.5,0.0,56.9193446821802,55.1864949992802,2024-04-05 07:01:30,2024,2024-04-05,07:01:30
130441,Riyadh,2024-04-05 08:01:30,0,12,27.0,4.1,0.0,56.048727052489,53.4046755595053,2024-04-05 08:01:30,2024,2024-04-05,08:01:30
130442,Riyadh,2024-04-05 09:01:30,0,6,24.9,2.7,0.0,55.4139675252056,52.2709993397625,2024-04-05 09:01:30,2024,2024-04-05,09:01:30
130443,Riyadh,2024-04-05 10:01:30,0,6,27.3,2.6,0.0,54.1197554626656,51.0492936659885,2024-04-05 10:01:30,2024,2024-04-05,10:01:30
130463,Riyadh,2024-04-06 06:01:30,3,33,144.2,17.2,0.0,58.9282033848501,58.7590748787921,2024-04-06 06:01:30,2024,2024-04-06,06:01:30
130464,Riyadh,2024-04-06 07:01:30,0,23,89.5,10.7,0.0,58.5683902018643,56.404965033761,2024-04-06 07:01:30,2024,2024-04-06,07:01:30
130465,Riyadh,2024-04-06 08:01:30,0,16,74.9,7.1,0.0,58.333493496126,54.4235281597738,2024-04-06 08:01:30,2024,2024-04-06,08:01:30
130466,Riyadh,2024-04-06 09:01:30,0,7,21.1,3.6,0.0,59.5587205446223,53.8509902102285,2024-04-06 09:01:30,2024,2024-04-06,09:01:30
130467,Riyadh,2024-04-06 10:01:30,0,12,49.4,4.9,0.0,60.8604464683667,53.5153013814749,2024-04-06 10:01:30,2024,2024-04-06,10:01:30
130487,Riyadh,2024-04-07 06:01:30,1,23,72.3,10.1,0.0,60.3132954724792,57.0992007168001,2024-04-07 06:01:30,2024,2024-04-07,06:01:30
130488,Riyadh,2024-04-07 07:01:30,0,14,53.6,6.6,0.0,70.4133046648424,56.4503651735916,2024-04-07 07:01:30,2024,2024-04-07,07:01:30
130489,Riyadh,2024-04-07 08:01:30,0,7,22.9,2.4,0.0,73.8924457228248,55.0905498080523,2024-04-07 08:01:30,2024,2024-04-07,08:01:30
130490,Riyadh,2024-04-07 09:01:30,0,9,28.9,2.4,8.0,73.4127049013793,54.3091822698858,2024-04-07 09:01:30,2024,2024-04-07,09:01:30
130491,Riyadh,2024-04-07 10:01:30,0,9,19.6,2.9,13.0,72.5336192991772,53.7979287200069,2024-04-07 10:01:30,2024,2024-04-07,10:01:30
130511,Riyadh,2024-04-08 06:31:30,5,27,98.7,11.4,0.0,67.256115554763,60.7276043457838,2024-04-08 06:31:30,2024,2024-04-08,06:31:30
130512,Riyadh,2024-04-08 07:01:30,6,32,134.6,12.6,1.0,73.0819808782032,61.5082454722215,2024-04-08 07:01:30,2024,2024-04-08,07:01:30
130513,Riyadh,2024-04-08 08:01:30,3,12,50.3,5.0,2.0,75.684435917571,59.2652781342382,2024-04-08 08:01:30,2024,2024-04-08,08:01:30
130514,Riyadh,2024-04-08 09:01:30,1,12,47.6,5.8,12.0,74.1943148438541,56.4897773779013,2024-04-08 09:01:30,2024,2024-04-08,09:01:30
130515,Riyadh,2024-04-08 10:46:30,2,19,54.2,8.6,15.0,70.0040728411268,55.7324863123601,2024-04-08 10:46:30,2024,2024-04-08,10:46:30
130535,Riyadh,2024-04-09 06:01:30,0,19,67.5,5.9,2.0,61.7786912013747,58.1040223197229,2024-04-09 06:01:30,2024,2024-04-09,06:01:30
130536,Riyadh,2024-04-09 07:01:30,0,16,46.8,4.1,0.0,72.8652650991476,58.2913977006342,2024-04-09 07:01:30,2024,2024-04-09,07:01:30
130537,Riyadh,2024-04-09 08:01:30,0,5,18.1,1.7,0.0,75.1685708072918,57.4405921011056,2024-04-09 08:01:30,2024,2024-04-09,08:01:30
130538,Riyadh,2024-04-09 09:01:30,0,3,6.9,0.9,6.0,73.7463578879599,55.9489846770633,2024-04-09 09:01:30,2024,2024-04-09,09:01:30
130539,Riyadh,2024-04-09 10:01:30,0,10,25.7,3.2,10.0,73.0983886618176,54.9841031671798,2024-04-09 10:01:30,2024,2024-04-09,10:01:30
130559,Riyadh,2024-04-10 06:46:30,27,201,866.5,142.6,1.0,73.1203913221966,79.3382122402399,2024-04-10 06:46:30,2024,2024-04-10,06:46:30
130560,Riyadh,2024-04-10 07:01:30,27,158,698.9,138.2,0.0,73.9382886542577,77.8474602898779,2024-04-10 07:01:30,2024,2024-04-10,07:01:30
130561,Riyadh,2024-04-10 08:01:30,15,67,241.9,46.4,0.0,74.6639548228682,69.0136520619261,2024-04-10 08:01:30,2024,2024-04-10,08:01:30
130562,Riyadh,2024-04-10 09:01:30,6,35,105.5,16.0,5.0,73.9828357862953,63.9831986755385,2024-04-10 09:01:30,2024,2024-04-10,09:01:30
130563,Riyadh,2024-04-10 10:01:30,4,30,98.6,13.5,8.0,73.7518838627843,62.3818007065726,2024-04-10 10:01:30,2024,2024-04-10,10:01:30
130583,Riyadh,2024-04-11 06:01:30,0,17,84.1,5.5,1.0,60.9473434160561,57.3211274515813,2024-04-11 06:01:30,2024,2024-04-11,06:01:30
130584,Riyadh,2024-04-11 07:01:30,0,20,88.3,6.2,0.0,67.7271086140339,57.8076706201174,2024-04-11 07:01:30,2024,2024-04-11,07:01:30
130585,Riyadh,2024-04-11 08:01:30,0,9,34.1,2.5,0.0,69.7323767194214,57.8983183076082,2024-04-11 08:01:30,2024,2024-04-11,08:01:30
130586,Riyadh,2024-04-11 09:01:30,0,16,47.7,2.9,0.0,68.8005904542899,57.5458096027763,2024-04-11 09:01:30,2024,2024-04-11,09:01:30
130587,Riyadh,2024-04-11 10:01:30,0,13,39.5,2.7,1.0,69.2731890005518,57.1701238637209,2024-04-11 10:01:30,2024,2024-04-11,10:01:30
130607,Riyadh,2024-04-12 06:01:30,0,17,80.0,8.1,0.0,58.7501145212933,57.4542767719965,2024-04-12 06:01:30,2024,2024-04-12,06:01:30
130608,Riyadh,2024-04-12 07:01:30,0,17,64.8,10.0,0.0,58.7138485519696,57.4400065007055,2024-04-12 07:01:30,2024,2024-04-12,07:01:30
130609,Riyadh,2024-04-12 08:01:30,0,12,45.8,5.3,0.0,58.7595166760072,57.1630902613183,2024-04-12 08:01:30,2024,2024-04-12,08:01:30
130610,Riyadh,2024-04-12 09:01:30,0,14,39.4,7.3,0.0,58.366062511049,56.0663372341507,2024-04-12 09:01:30,2024,2024-04-12,09:01:30
130611,Riyadh,2024-04-12 10:01:30,0,7,23.7,3.4,0.0,58.0233777085125,55.4507943551379,2024-04-12 10:01:30,2024,2024-04-12,10:01:30
130631,Riyadh,2024-04-13 06:01:30,1,23,128.2,14.5,3.0,59.155889947957,57.8442775658928,2024-04-13 06:01:30,2024,2024-04-13,06:01:30
130632,Riyadh,2024-04-13 07:01:30,1,23,99.0,12.8,0.0,59.499151493179,57.9019525399792,2024-04-13 07:01:30,2024,2024-04-13,07:01:30
130633,Riyadh,2024-04-13 08:31:30,1,17,62.3,8.1,0.0,60.7192382100666,57.9391476306765,2024-04-13 08:31:30,2024,2024-04-13,08:31:30
130634,Riyadh,2024-04-13 09:01:30,1,29,93.0,13.3,0.0,61.3188206974064,57.7712019955623,2024-04-13 09:01:30,2024,2024-04-13,09:01:30
130635,Riyadh,2024-04-13 10:01:30,2,29,88.9,11.4,0.0,63.1400234572403,58.1148750282882,2024-04-13 10:01:30,2024,2024-04-13,10:01:30
130655,Riyadh,2024-04-14 06:46:30,2,35,95.7,18.5,1.0,68.9942272053738,58.4780845125335,2024-04-14 06:46:30,2024,2024-04-14,06:46:30
130656,Riyadh,2024-04-14 07:31:30,4,32,121.6,17.2,0.0,75.5643771029065,59.6780027147458,2024-04-14 07:31:30,2024,2024-04-14,07:31:30
130657,Riyadh,2024-04-14 08:46:30,6,40,130.6,27.8,0.0,76.5116998749051,61.5115540528845,2024-04-14 08:46:30,2024,2024-04-14,08:46:30
130658,Riyadh,2024-04-14 09:01:30,6,32,100.8,28.9,0.0,76.4486234223671,62.0298810787479,2024-04-14 09:01:30,2024,2024-04-14,09:01:30
130659,Riyadh,2024-04-14 10:01:30,6,46,149.3,22.8,0.0,74.2706120815678,61.0852766952077,2024-04-14 10:01:30,2024,2024-04-14,10:01:30
131913,Riyadh,2024-06-10 06:46:00,3,30,84.1,23.1,9.0,70.0198493534517,58.481763323302,2024-06-10 06:46:00,2024,2024-06-10,06:46:00
131914,Riyadh,2024-06-10 07:46:30,14,84,274.5,108.5,20.0,79.6070391251243,66.3932542493854,2024-06-10 07:46:30,2024,2024-06-10,07:46:30
131915,Riyadh,2024-06-10 08:46:30,27,118,483.2,147.7,33.0,78.8869071485082,74.7929993751014,2024-06-10 08:46:30,2024,2024-06-10,08:46:30
131916,Riyadh,2024-06-10 09:16:00,30,133,527.8,158.6,46.0,78.7900138110924,77.2992870129529,2024-06-10 09:16:00,2024,2024-06-10,09:16:00
131917,Riyadh,2024-06-10 10:01:30,30,173,733.4,186.0,46.0,76.4842857189517,77.048590852234,2024-06-10 10:01:30,2024,2024-06-10,10:01:30
131937,Riyadh,2024-06-11 06:46:30,2,19,68.9,13.1,16.0,68.2044440962033,56.4946405527394,2024-06-11 06:46:30,2024,2024-06-11,06:46:30
131938,Riyadh,2024-06-11 07:46:30,6,42,123.2,33.0,21.0,77.327325408676,60.1051048746913,2024-06-11 07:46:30,2024,2024-06-11,07:46:30
131939,Riyadh,2024-06-11 08:46:30,14,62,234.9,73.9,27.0,77.7041146864617,65.6095516506439,2024-06-11 08:46:30,2024,2024-06-11,08:46:30
131940,Riyadh,2024-06-11 09:16:30,17,76,332.9,88.1,38.0,78.1698413885046,67.8394097393861,2024-06-11 09:16:30,2024,2024-06-11,09:16:30
131941,Riyadh,2024-06-11 10:01:30,18,105,475.0,92.4,39.0,76.3542186492293,68.574192784653,2024-06-11 10:01:30,2024,2024-06-11,10:01:30
131961,Riyadh,2024-06-12 06:01:30,1,26,88.9,13.8,15.0,58.8497776273605,55.5354945528874,2024-06-12 06:01:30,2024,2024-06-12,06:01:30
131962,Riyadh,2024-06-12 07:46:30,5,28,103.9,24.8,19.0,74.3715560166817,58.8520052388644,2024-06-12 07:46:30,2024,2024-06-12,07:46:30
131963,Riyadh,2024-06-12 08:46:30,11,60,245.4,68.3,28.0,75.5569226413216,64.1179614413288,2024-06-12 08:46:30,2024,2024-06-12,08:46:30
131964,Riyadh,2024-06-12 09:16:30,15,82,337.7,80.7,42.0,75.9954149672194,66.3510244590071,2024-06-12 09:16:30,2024,2024-06-12,09:16:30
131965,Riyadh,2024-06-12 10:01:30,16,101,388.5,87.9,43.0,74.8573054641867,67.0234777120906,2024-06-12 10:01:30,2024,2024-06-12,10:01:30
131985,Riyadh,2024-06-13 06:46:30,2,18,63.1,10.9,13.0,64.0919547283227,56.2306008791066,2024-06-13 06:46:30,2024,2024-06-13,06:46:30
131986,Riyadh,2024-06-13 07:46:30,4,32,106.0,18.7,15.0,69.5741237620466,58.0387502414263,2024-06-13 07:46:30,2024,2024-06-13,07:46:30
131987,Riyadh,2024-06-13 08:46:30,8,48,156.1,48.3,25.0,70.6680337017442,61.760157319403,2024-06-13 08:46:30,2024,2024-06-13,08:46:30
131988,Riyadh,2024-06-13 09:31:30,12,81,269.2,61.0,39.0,71.39395402501,63.9933360739093,2024-06-13 09:31:30,2024,2024-06-13,09:31:30
131989,Riyadh,2024-06-13 10:46:30,14,99,368.0,77.9,41.0,71.3242446694049,65.7513973643791,2024-06-13 10:46:30,2024,2024-06-13,10:46:30
132009,Riyadh,2024-06-14 06:01:30,1,20,68.6,12.7,0.0,56.3381824106229,55.8341277348903,2024-06-14 06:01:30,2024,2024-06-14,06:01:30
132010,Riyadh,2024-06-14 07:01:30,0,22,71.1,13.9,0.0,55.4763266438645,55.0937022318544,2024-06-14 07:01:30,2024,2024-06-14,07:01:30
132011,Riyadh,2024-06-14 08:16:30,1,23,86.7,12.5,1.0,55.4918824928041,55.0516664522252,2024-06-14 08:16:30,2024,2024-06-14,08:16:30
132012,Riyadh,2024-06-14 09:16:30,2,25,118.5,14.2,1.0,55.9673288211469,55.5836543983756,2024-06-14 09:16:30,2024,2024-06-14,09:16:30
132013,Riyadh,2024-06-14 10:01:30,2,25,98.1,11.0,1.0,56.2575521371095,55.8035752122348,2024-06-14 10:01:30,2024,2024-06-14,10:01:30
132033,Riyadh,2024-06-15 06:01:30,0,10,27.7,4.9,3.0,55.4832823786273,52.4271252993134,2024-06-15 06:01:30,2024,2024-06-15,06:01:30
132034,Riyadh,2024-06-15 07:01:30,0,7,22.1,4.0,3.0,55.2269573324371,52.5245261883329,2024-06-15 07:01:30,2024,2024-06-15,07:01:30
132035,Riyadh,2024-06-15 08:01:30,0,12,37.9,4.4,6.0,56.554658826792,53.2456765244511,2024-06-15 08:01:30,2024,2024-06-15,08:01:30
132036,Riyadh,2024-06-15 09:31:30,2,23,74.2,10.1,11.0,60.6368867442699,56.1982889277701,2024-06-15 09:31:30,2024,2024-06-15,09:31:30
132037,Riyadh,2024-06-15 10:46:30,5,36,127.0,20.0,14.0,64.0848331077438,58.8693359638334,2024-06-15 10:46:30,2024,2024-06-15,10:46:30
132057,Riyadh,2024-06-16 06:16:30,6,80,327.6,34.3,7.0,66.7991375298915,64.4918484367919,2024-06-16 06:16:30,2024,2024-06-16,06:16:30
132058,Riyadh,2024-06-16 07:01:30,4,56,253.4,25.0,15.0,72.3458782900974,61.5407306899846,2024-06-16 07:01:30,2024,2024-06-16,07:01:30
132059,Riyadh,2024-06-16 08:01:30,1,26,117.9,10.9,25.0,75.7893907972819,59.9781792784842,2024-06-16 08:01:30,2024,2024-06-16,08:01:30
132060,Riyadh,2024-06-16 09:01:30,0,25,87.2,6.9,32.0,74.3685180353363,59.2983661925981,2024-06-16 09:01:30,2024,2024-06-16,09:01:30
132061,Riyadh,2024-06-16 10:01:30,0,19,72.9,8.7,31.0,72.5455571136771,58.6361132827265,2024-06-16 10:01:30,2024,2024-06-16,10:01:30
132081,Riyadh,2024-06-17 06:01:30,0,9,34.2,2.8,3.0,60.9492392416037,57.0155596059587,2024-06-17 06:01:30,2024,2024-06-17,06:01:30
132082,Riyadh,2024-06-17 07:01:30,0,10,27.5,2.1,14.0,71.3750754727869,56.7705430087283,2024-06-17 07:01:30,2024,2024-06-17,07:01:30
132083,Riyadh,2024-06-17 08:01:30,0,8,29.3,3.5,27.0,75.2161501517333,56.6060387315577,2024-06-17 08:01:30,2024,2024-06-17,08:01:30
132084,Riyadh,2024-06-17 09:01:30,0,9,24.0,2.1,30.0,74.1095378779712,56.5300004117664,2024-06-17 09:01:30,2024,2024-06-17,09:01:30
132085,Riyadh,2024-06-17 10:16:30,1,11,39.0,3.6,30.0,72.3055951567985,57.1203829356832,2024-06-17 10:16:30,2024,2024-06-17,10:16:30
132105,Riyadh,2024-06-18 06:01:30,1,17,68.8,9.1,2.0,60.660935595072,57.247237576735,2024-06-18 06:01:30,2024,2024-06-18,06:01:30
132106,Riyadh,2024-06-18 07:01:30,0,12,48.0,3.0,6.0,70.8277847825422,56.7923053557407,2024-06-18 07:01:30,2024,2024-06-18,07:01:30
132107,Riyadh,2024-06-18 08:01:30,0,11,35.6,3.2,14.0,74.9749606733303,56.7525940894724,2024-06-18 08:01:30,2024,2024-06-18,08:01:30
132108,Riyadh,2024-06-18 09:31:30,1,16,50.6,2.3,17.0,74.1469043449186,56.7298271305041,2024-06-18 09:31:30,2024,2024-06-18,09:31:30
132109,Riyadh,2024-06-18 10:31:30,2,15,49.8,6.2,18.0,71.6872846063021,57.5066450758063,2024-06-18 10:31:30,2024,2024-06-18,10:31:30
132129,Riyadh,2024-06-19 06:01:30,1,14,56.2,8.0,1.0,60.074979318847,57.0352847015941,2024-06-19 06:01:30,2024,2024-06-19,06:01:30
132130,Riyadh,2024-06-19 07:01:30,1,16,49.5,10.0,5.0,68.691545799843,56.8916563386056,2024-06-19 07:01:30,2024,2024-06-19,07:01:30
132131,Riyadh,2024-06-19 08:16:30,2,22,92.4,11.2,11.0,72.607521903973,57.3320323591222,2024-06-19 08:16:30,2024,2024-06-19,08:16:30
132132,Riyadh,2024-06-19 09:16:30,3,23,72.9,8.5,15.0,73.1274722899709,58.1613767893842,2024-06-19 09:16:30,2024,2024-06-19,09:16:30
132133,Riyadh,2024-06-19 10:16:30,4,22,75.8,15.4,16.0,71.9404120649666,58.645878728903,2024-06-19 10:16:30,2024,2024-06-19,10:16:30
132153,Riyadh,2024-06-20 06:01:30,1,16,71.0,8.7,2.0,59.439956754569,56.865809469876,2024-06-20 06:01:30,2024,2024-06-20,06:01:30
132154,Riyadh,2024-06-20 07:46:30,2,18,98.8,12.3,4.0,69.0492775379604,57.292132229388,2024-06-20 07:46:30,2024,2024-06-20,07:46:30
132155,Riyadh,2024-06-20 08:31:30,3,18,71.4,10.7,8.0,68.9728593813806,58.1085680011889,2024-06-20 08:31:30,2024,2024-06-20,08:31:30
132156,Riyadh,2024-06-20 09:46:30,6,45,176.2,25.7,12.0,70.6895857033513,60.4303435794476,2024-06-20 09:46:30,2024,2024-06-20,09:46:30
132157,Riyadh,2024-06-20 10:16:30,7,42,166.6,33.4,14.0,70.5541643591373,61.0242291590732,2024-06-20 10:16:30,2024,2024-06-20,10:16:30
132177,Riyadh,2024-06-21 06:01:30,1,23,74.9,11.9,1.0,57.612942068135,57.0568601629929,2024-06-21 06:01:30,2024,2024-06-21,06:01:30
132178,Riyadh,2024-06-21 07:01:30,0,17,68.0,6.4,0.0,56.6924383465277,55.8452651914433,2024-06-21 07:01:30,2024,2024-06-21,07:01:30
132179,Riyadh,2024-06-21 08:01:30,0,12,35.2,3.5,1.0,56.445769105228,55.2210012418657,2024-06-21 08:01:30,2024,2024-06-21,08:01:30
132180,Riyadh,2024-06-21 09:01:30,0,13,55.4,5.5,2.0,56.5011614174096,54.8905054914428,2024-06-21 09:01:30,2024,2024-06-21,09:01:30
132181,Riyadh,2024-06-21 10:01:30,0,16,65.6,28.1,2.0,56.7273025751975,55.0863171708105,2024-06-21 10:01:30,2024,2024-06-21,10:01:30
132201,Riyadh,2024-06-22 06:01:30,4,27,110.1,23.3,0.0,58.3877634467437,58.3619622972977,2024-06-22 06:01:30,2024,2024-06-22,06:01:30
132202,Riyadh,2024-06-22 07:46:30,4,28,116.8,26.0,0.0,58.6165808838875,58.5149244051185,2024-06-22 07:46:30,2024,2024-06-22,07:46:30
132203,Riyadh,2024-06-22 08:46:30,7,39,208.4,39.9,0.0,60.4007548254629,60.4975240102447,2024-06-22 08:46:30,2024,2024-06-22,08:46:30
132204,Riyadh,2024-06-22 09:46:30,10,55,284.7,49.2,2.0,62.5493212601024,62.4497159296093,2024-06-22 09:46:30,2024,2024-06-22,09:46:30
132205,Riyadh,2024-06-22 10:16:30,11,73,312.3,51.5,5.0,63.3703662648397,63.08106532631,2024-06-22 10:16:30,2024,2024-06-22,10:16:30
132225,Riyadh,2024-06-23 06:46:30,3,26,94.9,15.6,6.0,68.7424978006888,57.6354610152707,2024-06-23 06:46:30,2024,2024-06-23,06:46:30
132226,Riyadh,2024-06-23 07:46:30,16,71,252.1,96.8,4.0,78.9789478838617,66.9295853176669,2024-06-23 07:46:30,2024,2024-06-23,07:46:30
132227,Riyadh,2024-06-23 08:16:30,21,80,290.4,96.7,1.0,79.3750441611292,70.3871151414288,2024-06-23 08:16:30,2024,2024-06-23,08:16:30
132228,Riyadh,2024-06-23 09:01:30,22,86,338.1,100.6,0.0,77.6822420727611,71.0920636255756,2024-06-23 09:01:30,2024,2024-06-23,09:01:30
132229,Riyadh,2024-06-23 10:01:30,17,86,292.0,82.9,0.0,74.8328292672012,67.9059313675492,2024-06-23 10:01:30,2024,2024-06-23,10:01:30
132249,Riyadh,2024-06-24 06:46:30,2,16,44.6,11.3,0.0,69.5931071378012,57.2567281414381,2024-06-24 06:46:30,2024,2024-06-24,06:46:30
132250,Riyadh,2024-06-24 07:46:30,15,57,217.0,94.4,0.0,79.9679507031466,66.0498256059792,2024-06-24 07:46:30,2024,2024-06-24,07:46:30
132251,Riyadh,2024-06-24 08:46:30,21,88,364.6,105.6,0.0,79.072000746944,70.6651260094826,2024-06-24 08:46:30,2024,2024-06-24,08:46:30
132252,Riyadh,2024-06-24 09:01:30,22,94,397.7,103.8,0.0,78.8154961067484,71.1032745946564,2024-06-24 09:01:30,2024,2024-06-24,09:01:30
132253,Riyadh,2024-06-24 10:01:30,19,101,369.3,95.1,1.0,76.5577351281463,69.3360293118504,2024-06-24 10:01:30,2024,2024-06-24,10:01:30
132273,Riyadh,2024-06-25 06:46:30,2,18,64.6,11.2,1.0,69.5837006618903,57.3839490094431,2024-06-25 06:46:30,2024,2024-06-25,06:46:30
132274,Riyadh,2024-06-25 07:46:30,14,59,215.2,90.1,0.0,79.4657258974858,65.7122359519487,2024-06-25 07:46:30,2024,2024-06-25,07:46:30
132275,Riyadh,2024-06-25 08:46:30,20,84,340.1,106.9,0.0,79.0144126474983,70.5331469784219,2024-06-25 08:46:30,2024,2024-06-25,08:46:30
132276,Riyadh,2024-06-25 09:01:30,21,107,403.6,114.0,1.0,78.9180804480261,71.3839847873912,2024-06-25 09:01:30,2024,2024-06-25,09:01:30
132277,Riyadh,2024-06-25 10:01:30,19,93,356.2,85.8,2.0,76.9270766888194,70.0531167711128,2024-06-25 10:01:30,2024,2024-06-25,10:01:30
132297,Riyadh,2024-06-26 06:46:30,3,24,85.4,24.1,1.0,68.3126943193806,58.0223687365006,2024-06-26 06:46:30,2024,2024-06-26,06:46:30
132298,Riyadh,2024-06-26 07:46:30,13,62,223.1,92.6,1.0,76.6835932252841,65.378979442303,2024-06-26 07:46:30,2024,2024-06-26,07:46:30
132299,Riyadh,2024-06-26 08:46:30,20,84,340.6,101.6,2.0,76.5475576199568,70.1131040325792,2024-06-26 08:46:30,2024,2024-06-26,08:46:30
132300,Riyadh,2024-06-26 09:16:30,22,106,372.5,115.6,3.0,76.9008616667322,71.6397143170628,2024-06-26 09:16:30,2024,2024-06-26,09:16:30
132301,Riyadh,2024-06-26 10:01:30,21,109,421.4,101.8,4.0,75.7195058298963,70.9534748676583,2024-06-26 10:01:30,2024,2024-06-26,10:01:30
132321,Riyadh,2024-06-27 06:46:30,2,20,53.8,10.7,1.0,65.5979333720239,57.353126930728,2024-06-27 06:46:30,2024,2024-06-27,06:46:30
132322,Riyadh,2024-06-27 07:46:30,11,54,198.7,84.0,2.0,71.9122409284859,64.1436582507882,2024-06-27 07:46:30,2024,2024-06-27,07:46:30
132323,Riyadh,2024-06-27 08:46:30,19,85,317.6,94.9,3.0,72.2302319864431,69.8566532206554,2024-06-27 08:46:30,2024,2024-06-27,08:46:30
132324,Riyadh,2024-06-27 09:46:30,21,99,362.9,105.7,6.0,73.0741028376189,71.0184163249677,2024-06-27 09:46:30,2024,2024-06-27,09:46:30
132325,Riyadh,2024-06-27 10:01:30,20,91,336.9,100.4,7.0,72.7712476173323,70.6849925376657,2024-06-27 10:01:30,2024,2024-06-27,10:01:30
132345,Riyadh,2024-06-28 06:01:30,1,24,99.1,8.9,1.0,57.9486341149145,57.3252685785446,2024-06-28 06:01:30,2024,2024-06-28,06:01:30
132346,Riyadh,2024-06-28 07:01:30,0,17,60.5,5.1,0.0,57.4602619694831,56.7417289823133,2024-06-28 07:01:30,2024,2024-06-28,07:01:30
132347,Riyadh,2024-06-28 08:01:30,0,15,51.6,4.9,0.0,57.2958835113866,56.3675698545846,2024-06-28 08:01:30,2024,2024-06-28,08:01:30
132348,Riyadh,2024-06-28 09:31:30,1,16,58.3,10.8,0.0,58.3392682814196,57.2215535065386,2024-06-28 09:31:30,2024,2024-06-28,09:31:30
132349,Riyadh,2024-06-28 10:16:30,1,20,66.9,6.8,0.0,58.2168148123128,57.0241082029098,2024-06-28 10:16:30,2024,2024-06-28,10:16:30
132369,Riyadh,2024-06-29 06:01:30,3,31,116.5,21.2,4.0,59.2329239688206,58.9624432872501,2024-06-29 06:01:30,2024,2024-06-29,06:01:30
132370,Riyadh,2024-06-29 07:01:30,4,21,86.6,17.0,4.0,58.901503065415,59.0214286462847,2024-06-29 07:01:30,2024,2024-06-29,07:01:30
132371,Riyadh,2024-06-29 08:46:30,6,34,109.9,24.2,7.0,61.1538585175081,60.6155205511187,2024-06-29 08:46:30,2024,2024-06-29,08:46:30
132372,Riyadh,2024-06-29 09:46:30,10,74,311.6,42.8,10.0,63.6585358976309,63.5458140845063,2024-06-29 09:46:30,2024,2024-06-29,09:46:30
132373,Riyadh,2024-06-29 10:31:30,13,86,369.7,64.4,11.0,65.5301702077729,65.5070501362438,2024-06-29 10:31:30,2024,2024-06-29,10:31:30
132393,Riyadh,2024-06-30 06:46:30,3,23,69.1,20.3,3.0,68.7591282784024,57.5273117206767,2024-06-30 06:46:30,2024,2024-06-30,06:46:30
132394,Riyadh,2024-06-30 07:46:30,18,77,287.8,114.4,16.0,79.1947021295337,68.3880489348687,2024-06-30 07:46:30,2024,2024-06-30,07:46:30
132395,Riyadh,2024-06-30 08:46:30,28,107,457.9,139.6,21.0,78.6439088753324,75.1684142121367,2024-06-30 08:46:30,2024,2024-06-30,08:46:30
132396,Riyadh,2024-06-30 09:16:30,32,128,632.5,148.1,22.0,78.1401526699747,78.0210910708596,2024-06-30 09:16:30,2024,2024-06-30,09:16:30
132397,Riyadh,2024-06-30 10:01:30,30,140,563.4,144.9,17.0,75.8660670458285,76.7253367379048,2024-06-30 10:01:30,2024,2024-06-30,10:01:30
132417,Riyadh,2024-07-01 06:46:30,3,24,63.2,19.2,2.0,69.6929389795808,57.6939896618374,2024-07-01 06:46:30,2024,2024-07-01,06:46:30
132418,Riyadh,2024-07-01 07:46:30,18,92,354.1,120.8,15.0,80.1893392744024,68.4942966072641,2024-07-01 07:46:30,2024,2024-07-01,07:46:30
132419,Riyadh,2024-07-01 08:46:30,29,121,567.4,146.0,21.0,79.3874211030785,76.2236275866589,2024-07-01 08:46:30,2024,2024-07-01,08:46:30
132420,Riyadh,2024-07-01 09:31:30,33,140,584.7,160.1,22.0,79.0592876353864,78.9664030103051,2024-07-01 09:31:30,2024,2024-07-01,09:31:30
132421,Riyadh,2024-07-01 10:01:30,30,129,507.3,140.8,19.0,77.4727346569057,77.2341096751248,2024-07-01 10:01:30,2024,2024-07-01,10:01:30
132441,Riyadh,2024-07-02 06:46:30,3,26,89.7,18.2,2.0,69.0844089961355,57.2120636250907,2024-07-02 06:46:30,2024,2024-07-02,06:46:30
132442,Riyadh,2024-07-02 07:46:30,18,70,291.4,114.2,14.0,79.3057549847985,68.1997511580084,2024-07-02 07:46:30,2024,2024-07-02,07:46:30
132443,Riyadh,2024-07-02 08:46:30,26,108,449.2,143.9,20.0,78.9063885583014,74.4928765225245,2024-07-02 08:46:30,2024,2024-07-02,08:46:30
132444,Riyadh,2024-07-02 09:16:30,30,124,502.9,156.9,21.0,78.7631660745806,76.8857459046381,2024-07-02 09:16:30,2024,2024-07-02,09:16:30
132445,Riyadh,2024-07-02 10:01:30,27,130,521.4,124.8,19.0,76.9862494975035,74.770712048596,2024-07-02 10:01:30,2024,2024-07-02,10:01:30
132465,Riyadh,2024-07-03 06:46:30,2,22,70.6,11.3,3.0,67.8195238104969,56.8879752942331,2024-07-03 06:46:30,2024,2024-07-03,06:46:30
132466,Riyadh,2024-07-03 07:46:30,16,65,242.9,103.7,13.0,76.7095102100504,66.4927419022544,2024-07-03 07:46:30,2024,2024-07-03,07:46:30
132467,Riyadh,2024-07-03 08:46:30,24,117,431.8,136.3,20.0,76.5846574247261,73.1711369009504,2024-07-03 08:46:30,2024,2024-07-03,08:46:30
132468,Riyadh,2024-07-03 09:16:30,27,129,471.4,141.4,22.0,76.9423220955042,75.2356892181715,2024-07-03 09:16:30,2024,2024-07-03,09:16:30
132469,Riyadh,2024-07-03 10:01:30,26,116,449.1,118.5,21.0,75.6196845725865,74.0257960058392,2024-07-03 10:01:30,2024,2024-07-03,10:01:30
132489,Riyadh,2024-07-04 06:46:30,2,21,87.4,17.3,2.0,65.1716335053645,57.1586956042513,2024-07-04 06:46:30,2024,2024-07-04,06:46:30
132490,Riyadh,2024-07-04 07:46:30,13,70,238.8,97.8,11.0,71.6278921075387,65.1680899391391,2024-07-04 07:46:30,2024,2024-07-04,07:46:30
132491,Riyadh,2024-07-04 08:46:30,21,83,327.7,112.4,19.0,71.9473390115564,70.8596077168211,2024-07-04 08:46:30,2024,2024-07-04,08:46:30
132492,Riyadh,2024-07-04 09:16:30,24,105,372.4,124.4,21.0,72.5901796980578,72.7252647201731,2024-07-04 09:16:30,2024,2024-07-04,09:16:30
132493,Riyadh,2024-07-04 10:01:30,21,118,477.2,116.9,20.0,72.7370466539102,71.3237075050835,2024-07-04 10:01:30,2024,2024-07-04,10:01:30
132513,Riyadh,2024-07-05 06:01:30,1,16,64.7,8.5,1.0,57.8322301665944,57.403179028195,2024-07-05 06:01:30,2024,2024-07-05,06:01:30
132514,Riyadh,2024-07-05 07:01:30,0,10,31.2,5.0,0.0,56.6624016231619,55.7831113183923,2024-07-05 07:01:30,2024,2024-07-05,07:01:30
132515,Riyadh,2024-07-05 08:01:30,0,15,54.1,7.5,0.0,56.9079386526864,56.0966434819217,2024-07-05 08:01:30,2024,2024-07-05,08:01:30
132516,Riyadh,2024-07-05 09:01:30,1,18,82.5,6.8,1.0,57.5831786928744,56.7077594806014,2024-07-05 09:01:30,2024,2024-07-05,09:01:30
132517,Riyadh,2024-07-05 10:01:30,1,16,75.1,4.8,1.0,58.0805728518452,57.0979741531464,2024-07-05 10:01:30,2024,2024-07-05,10:01:30
132537,Riyadh,2024-07-06 06:01:30,3,31,145.8,17.8,3.0,58.558774984366,58.0752376306732,2024-07-06 06:01:30,2024,2024-07-06,06:01:30
132538,Riyadh,2024-07-06 07:46:30,4,28,126.0,16.7,4.0,59.0535492175624,58.8447672313507,2024-07-06 07:46:30,2024,2024-07-06,07:46:30
132539,Riyadh,2024-07-06 08:16:30,6,33,116.3,30.5,6.0,60.2454260070821,60.3600041279061,2024-07-06 08:16:30,2024,2024-07-06,08:16:30
132540,Riyadh,2024-07-06 09:31:30,9,66,257.5,40.5,10.0,62.6242344253697,62.0604524718003,2024-07-06 09:31:30,2024,2024-07-06,09:31:30
132541,Riyadh,2024-07-06 10:16:30,11,89,305.7,57.6,13.0,64.629860649209,63.7373944770877,2024-07-06 10:16:30,2024,2024-07-06,10:16:30
132561,Riyadh,2024-07-07 06:46:30,2,23,73.0,13.0,3.0,68.3526116441121,56.7308549555398,2024-07-07 06:46:30,2024,2024-07-07,06:46:30
132562,Riyadh,2024-07-07 07:46:30,19,86,354.3,116.6,18.0,78.9252820854879,68.7428773118308,2024-07-07 07:46:30,2024,2024-07-07,07:46:30
132563,Riyadh,2024-07-07 08:46:30,30,140,594.5,153.7,28.0,78.6754028472429,76.3285208971963,2024-07-07 08:46:30,2024,2024-07-07,08:46:30
132564,Riyadh,2024-07-07 09:16:30,32,123,527.0,152.1,32.0,78.2269136435347,78.0692178514274,2024-07-07 09:16:30,2024,2024-07-07,09:16:30
132565,Riyadh,2024-07-07 10:01:30,27,124,489.0,136.0,30.0,75.906442694873,74.6370544792971,2024-07-07 10:01:30,2024,2024-07-07,10:01:30
132585,Riyadh,2024-07-08 06:46:30,3,27,92.1,16.8,3.0,69.3815280919644,57.1075467140196,2024-07-08 06:46:30,2024,2024-07-08,06:46:30
132586,Riyadh,2024-07-08 07:46:30,18,74,280.4,113.4,18.0,79.8255366010705,68.0777664635556,2024-07-08 07:46:30,2024,2024-07-08,07:46:30
132587,Riyadh,2024-07-08 08:46:30,29,137,529.1,161.5,29.0,79.3708668862041,76.2556721784256,2024-07-08 08:46:30,2024,2024-07-08,08:46:30
132588,Riyadh,2024-07-08 09:16:30,33,129,528.8,158.3,33.0,79.3847156276344,78.5847814086768,2024-07-08 09:16:30,2024,2024-07-08,09:16:30
132589,Riyadh,2024-07-08 10:01:30,30,124,460.9,136.2,30.0,77.1628397402923,76.2918739541613,2024-07-08 10:01:30,2024,2024-07-08,10:01:30
132609,Riyadh,2024-07-09 06:46:30,2,26,83.1,12.3,3.0,68.6807196470881,56.8545276661336,2024-07-09 06:46:30,2024,2024-07-09,06:46:30
132610,Riyadh,2024-07-09 07:46:30,16,62,254.2,103.6,18.0,78.9188083811363,66.9939644054061,2024-07-09 07:46:30,2024,2024-07-09,07:46:30
132611,Riyadh,2024-07-09 08:46:30,26,113,444.8,136.9,26.0,78.4523995624142,74.6662715883492,2024-07-09 08:46:30,2024,2024-07-09,08:46:30
132612,Riyadh,2024-07-09 09:31:30,30,126,533.0,146.4,30.0,78.0414374532183,76.9237682860724,2024-07-09 09:31:30,2024,2024-07-09,09:31:30
132613,Riyadh,2024-07-09 10:01:30,28,129,499.0,135.6,27.0,76.8660882710498,75.5037997860765,2024-07-09 10:01:30,2024,2024-07-09,10:01:30
132633,Riyadh,2024-07-10 06:46:30,2,22,78.9,13.2,2.0,67.5262835000496,56.793101971123,2024-07-10 06:46:30,2024,2024-07-10,06:46:30
132634,Riyadh,2024-07-10 07:46:30,16,79,311.7,104.2,16.0,76.2923922868447,66.8291289030881,2024-07-10 07:46:30,2024,2024-07-10,07:46:30
132635,Riyadh,2024-07-10 08:46:30,26,114,463.5,145.0,24.0,76.4356907624365,74.0844650511866,2024-07-10 08:46:30,2024,2024-07-10,08:46:30
132636,Riyadh,2024-07-10 09:16:30,30,114,445.7,152.0,27.0,76.8930438174617,76.7308455722627,2024-07-10 09:16:30,2024,2024-07-10,09:16:30
132637,Riyadh,2024-07-10 10:01:30,27,111,422.7,121.7,26.0,75.5733473545379,74.6056946818273,2024-07-10 10:01:30,2024,2024-07-10,10:01:30
132657,Riyadh,2024-07-11 06:46:30,2,23,63.7,11.4,2.0,65.1670323701644,56.8688023823849,2024-07-11 06:46:30,2024,2024-07-11,06:46:30
132658,Riyadh,2024-07-11 07:46:30,14,53,220.3,100.0,13.0,71.4005396359979,65.1936714596381,2024-07-11 07:46:30,2024,2024-07-11,07:46:30
132659,Riyadh,2024-07-11 08:46:30,23,100,401.3,119.3,21.0,72.1368766904155,71.9932977759268,2024-07-11 08:46:30,2024,2024-07-11,08:46:30
132660,Riyadh,2024-07-11 09:01:30,24,110,403.6,125.2,24.0,72.1997322308231,72.8417771443502,2024-07-11 09:01:30,2024,2024-07-11,09:01:30
132661,Riyadh,2024-07-11 10:01:30,22,105,368.5,111.3,21.0,72.3717377784852,71.6621170358253,2024-07-11 10:01:30,2024,2024-07-11,10:01:30
132681,Riyadh,2024-07-12 06:01:30,0,19,63.1,10.8,1.0,57.9334930617012,56.9715358550662,2024-07-12 06:01:30,2024,2024-07-12,06:01:30
132682,Riyadh,2024-07-12 07:01:30,0,13,42.1,9.0,0.0,57.0762241012297,56.3962368310732,2024-07-12 07:01:30,2024,2024-07-12,07:01:30
132683,Riyadh,2024-07-12 08:31:30,1,15,55.3,14.0,0.0,56.8783986332926,56.2659484839961,2024-07-12 08:31:30,2024,2024-07-12,08:31:30
132684,Riyadh,2024-07-12 09:01:30,1,14,47.1,5.9,1.0,57.3592442752286,56.7599299151322,2024-07-12 09:01:30,2024,2024-07-12,09:01:30
132685,Riyadh,2024-07-12 10:01:30,1,21,78.4,8.7,1.0,57.6396621831694,56.6691546750454,2024-07-12 10:01:30,2024,2024-07-12,10:01:30
132705,Riyadh,2024-07-13 06:01:30,3,22,102.8,14.6,3.0,59.2051957693012,58.5391675918219,2024-07-13 06:01:30,2024,2024-07-13,06:01:30
132706,Riyadh,2024-07-13 07:01:30,3,24,100.9,14.7,4.0,58.6077395502006,58.3894234233151,2024-07-13 07:01:30,2024,2024-07-13,07:01:30
132707,Riyadh,2024-07-13 08:46:30,6,44,160.0,22.4,6.0,61.072531431436,60.4219167891471,2024-07-13 08:46:30,2024,2024-07-13,08:46:30
132708,Riyadh,2024-07-13 09:46:30,10,72,274.2,54.8,9.0,63.249282219098,62.6887849248635,2024-07-13 09:46:30,2024,2024-07-13,09:46:30
132709,Riyadh,2024-07-13 10:46:30,11,95,363.6,59.2,11.0,65.2192845410687,63.6484424004359,2024-07-13 10:46:30,2024,2024-07-13,10:46:30
132729,Riyadh,2024-07-14 06:46:30,3,19,56.9,16.8,2.0,68.1648875611444,57.2064531454957,2024-07-14 06:46:30,2024,2024-07-14,06:46:30
132730,Riyadh,2024-07-14 07:46:30,21,84,345.6,130.5,19.0,78.9413481576433,69.9250159638732,2024-07-14 07:46:30,2024,2024-07-14,07:46:30
132731,Riyadh,2024-07-14 08:46:30,31,130,546.6,160.6,30.0,78.4706142523369,77.4448054510223,2024-07-14 08:46:30,2024,2024-07-14,08:46:30
132732,Riyadh,2024-07-14 09:01:30,32,133,530.2,154.4,32.0,78.0989428335102,78.1946064224992,2024-07-14 09:01:30,2024,2024-07-14,09:01:30
132733,Riyadh,2024-07-14 10:01:30,27,136,560.3,139.1,27.0,75.7351737973636,75.0101204670289,2024-07-14 10:01:30,2024,2024-07-14,10:01:30
132753,Riyadh,2024-07-15 06:46:30,2,15,50.4,14.4,3.0,69.0888740392071,56.7610952965378,2024-07-15 06:46:30,2024,2024-07-15,06:46:30
132754,Riyadh,2024-07-15 07:46:30,18,73,307.7,116.4,18.0,79.8222801756564,68.0712754177525,2024-07-15 07:46:30,2024,2024-07-15,07:46:30
132755,Riyadh,2024-07-15 08:31:30,26,119,447.3,134.5,29.0,79.6259842056203,73.6929215430219,2024-07-15 08:31:30,2024,2024-07-15,08:31:30
132756,Riyadh,2024-07-15 09:16:30,29,133,503.1,147.7,33.0,79.1777933782095,75.8231101462643,2024-07-15 09:16:30,2024,2024-07-15,09:16:30
132757,Riyadh,2024-07-15 10:01:30,25,113,393.1,115.2,30.0,77.4777594237401,73.5744334610442,2024-07-15 10:01:30,2024,2024-07-15,10:01:30
132777,Riyadh,2024-07-16 06:46:30,2,17,46.8,11.7,2.0,68.1464295338761,55.8887794378377,2024-07-16 06:46:30,2024,2024-07-16,06:46:30
132778,Riyadh,2024-07-16 07:46:30,15,62,225.2,93.2,16.0,78.6622474981355,65.3673091429978,2024-07-16 07:46:30,2024,2024-07-16,07:46:30
132779,Riyadh,2024-07-16 08:31:30,22,90,329.0,108.9,26.0,78.591222006591,70.9791558673416,2024-07-16 08:31:30,2024,2024-07-16,08:31:30
132780,Riyadh,2024-07-16 09:16:30,24,95,349.5,122.2,30.0,78.4463813152125,72.6839405298272,2024-07-16 09:16:30,2024,2024-07-16,09:16:30
132781,Riyadh,2024-07-16 10:01:30,20,83,289.5,84.5,28.0,76.728209687493,70.1455477085921,2024-07-16 10:01:30,2024,2024-07-16,10:01:30
132801,Riyadh,2024-07-17 06:46:30,2,28,71.3,19.6,2.0,67.6682431838923,56.9749565417422,2024-07-17 06:46:30,2024,2024-07-17,06:46:30
132802,Riyadh,2024-07-17 07:46:30,18,78,319.8,117.1,16.0,76.3944121547363,67.8533078948109,2024-07-17 07:46:30,2024,2024-07-17,07:46:30
132803,Riyadh,2024-07-17 08:46:30,27,99,391.3,134.9,26.0,76.5216968874043,74.6106500156746,2024-07-17 08:46:30,2024,2024-07-17,08:46:30
132804,Riyadh,2024-07-17 09:01:30,29,119,474.2,142.0,30.0,76.5326348188395,75.8999609663221,2024-07-17 09:01:30,2024,2024-07-17,09:01:30
132805,Riyadh,2024-07-17 10:01:30,27,123,500.8,137.0,27.0,75.6973897436495,74.9436147983693,2024-07-17 10:01:30,2024,2024-07-17,10:01:30
132825,Riyadh,2024-07-18 06:46:30,3,28,101.7,25.5,2.0,65.0256693712205,57.3283629528472,2024-07-18 06:46:30,2024,2024-07-18,06:46:30
132826,Riyadh,2024-07-18 07:46:30,16,67,274.7,104.8,14.0,71.5951637999164,66.4960144155824,2024-07-18 07:46:30,2024,2024-07-18,07:46:30
132827,Riyadh,2024-07-18 08:46:30,24,94,366.7,122.5,23.0,71.7652533406812,72.4524435671934,2024-07-18 08:46:30,2024,2024-07-18,08:46:30
132828,Riyadh,2024-07-18 09:16:30,26,119,443.6,133.4,24.0,72.3531787386493,74.0975324997805,2024-07-18 09:16:30,2024,2024-07-18,09:16:30
132829,Riyadh,2024-07-18 10:01:30,24,114,429.0,120.6,22.0,72.4638857718649,72.6296365478009,2024-07-18 10:01:30,2024,2024-07-18,10:01:30
132849,Riyadh,2024-07-19 06:01:30,1,17,88.1,7.1,0.0,57.8694984037873,57.0920255505919,2024-07-19 06:01:30,2024,2024-07-19,06:01:30
132850,Riyadh,2024-07-19 07:01:30,0,23,69.2,8.8,0.0,57.2701931639547,56.4202810472728,2024-07-19 07:01:30,2024,2024-07-19,07:01:30
132851,Riyadh,2024-07-19 08:01:30,0,17,55.6,6.1,1.0,56.9898259371428,55.9535481756419,2024-07-19 08:01:30,2024,2024-07-19,08:01:30
132852,Riyadh,2024-07-19 09:46:30,1,24,71.4,8.3,1.0,57.7290730947705,56.709863338777,2024-07-19 09:46:30,2024,2024-07-19,09:46:30
132853,Riyadh,2024-07-19 10:01:30,1,15,41.3,5.9,1.0,57.4700184426499,56.4760246717656,2024-07-19 10:01:30,2024,2024-07-19,10:01:30
132873,Riyadh,2024-07-20 06:01:30,4,36,141.2,21.2,3.0,59.0237429751561,59.0942806484759,2024-07-20 06:01:30,2024,2024-07-20,06:01:30
132874,Riyadh,2024-07-20 07:01:30,3,26,77.3,12.5,3.0,58.661953461214,58.3203989322971,2024-07-20 07:01:30,2024,2024-07-20,07:01:30
132875,Riyadh,2024-07-20 08:46:30,6,43,154.0,28.4,6.0,60.9282060848773,60.3533512239208,2024-07-20 08:46:30,2024,2024-07-20,08:46:30
132876,Riyadh,2024-07-20 09:46:30,9,65,223.8,37.8,10.0,63.1755846654029,62.3092176516087,2024-07-20 09:46:30,2024,2024-07-20,09:46:30
132877,Riyadh,2024-07-20 10:31:30,10,69,263.5,42.6,11.0,64.7547847007614,63.1288720779146,2024-07-20 10:31:30,2024,2024-07-20,10:31:30
132897,Riyadh,2024-07-21 06:46:30,4,26,102.8,21.1,3.0,68.0071515493569,57.8434939149072,2024-07-21 06:46:30,2024,2024-07-21,06:46:30
132898,Riyadh,2024-07-21 07:46:30,22,86,400.5,117.8,21.0,78.5883327893252,70.8933748543466,2024-07-21 07:46:30,2024,2024-07-21,07:46:30
132899,Riyadh,2024-07-21 08:46:30,34,167,779.9,164.0,31.0,78.3602149103305,79.5429630109122,2024-07-21 08:46:30,2024,2024-07-21,08:46:30
132900,Riyadh,2024-07-21 09:16:30,37,148,702.0,166.6,32.0,78.093301894089,81.8559888947888,2024-07-21 09:16:30,2024,2024-07-21,09:16:30
132901,Riyadh,2024-07-21 10:01:30,32,122,541.4,144.5,27.0,75.611990621012,77.8585848955472,2024-07-21 10:01:30,2024,2024-07-21,10:01:30
132921,Riyadh,2024-07-22 06:46:30,4,29,84.7,22.5,2.0,69.535062080579,57.8024002911735,2024-07-22 06:46:30,2024,2024-07-22,06:46:30
132922,Riyadh,2024-07-22 07:46:30,23,89,417.4,119.6,18.0,79.950882303696,71.5383709784702,2024-07-22 07:46:30,2024,2024-07-22,07:46:30
132923,Riyadh,2024-07-22 08:46:30,33,123,634.5,166.5,26.0,79.2826630310081,79.3792670564131,2024-07-22 08:46:30,2024,2024-07-22,08:46:30
132924,Riyadh,2024-07-22 09:01:30,35,145,677.6,173.6,29.0,79.2948979065854,80.7092043968853,2024-07-22 09:01:30,2024,2024-07-22,09:01:30
132925,Riyadh,2024-07-22 10:01:30,30,142,563.9,147.9,25.0,77.3308789763087,77.038485843595,2024-07-22 10:01:30,2024,2024-07-22,10:01:30
132945,Riyadh,2024-07-23 06:46:30,4,32,104.2,29.1,2.0,69.0414758923605,57.9209014565165,2024-07-23 06:46:30,2024,2024-07-23,06:46:30
132946,Riyadh,2024-07-23 07:46:30,20,97,406.7,120.8,15.0,79.1316653003124,70.1400643717209,2024-07-23 07:46:30,2024,2024-07-23,07:46:30
132947,Riyadh,2024-07-23 08:46:30,29,140,595.5,143.2,22.0,78.5235013428852,76.4485108995818,2024-07-23 08:46:30,2024,2024-07-23,08:46:30
132948,Riyadh,2024-07-23 09:16:30,32,134,579.2,162.9,24.0,78.8125256325932,78.6762293815362,2024-07-23 09:16:30,2024,2024-07-23,09:16:30
132949,Riyadh,2024-07-23 10:01:30,28,131,523.2,145.6,20.0,76.6602380487004,75.4399143967386,2024-07-23 10:01:30,2024,2024-07-23,10:01:30
132969,Riyadh,2024-07-24 06:46:30,3,27,91.2,23.7,2.0,67.8497912025503,57.6760295059042,2024-07-24 06:46:30,2024,2024-07-24,06:46:30
132970,Riyadh,2024-07-24 07:46:30,20,85,362.1,109.9,18.0,76.5066632222449,69.5807915379763,2024-07-24 07:46:30,2024,2024-07-24,07:46:30
132971,Riyadh,2024-07-24 08:46:30,28,117,529.8,144.6,27.0,76.6868576334778,76.1488157319629,2024-07-24 08:46:30,2024,2024-07-24,08:46:30
132972,Riyadh,2024-07-24 09:01:30,30,116,466.2,148.4,29.0,76.6590237038234,77.0271645108411,2024-07-24 09:01:30,2024,2024-07-24,09:01:30
132973,Riyadh,2024-07-24 10:01:30,26,120,464.1,128.7,27.0,75.6082145508936,74.7291460242168,2024-07-24 10:01:30,2024,2024-07-24,10:01:30
132991,Riyadh,2024-07-25 06:46:30,3,21,77.0,19.6,3.0,65.27631664495,57.3495940766289,2024-07-25 06:46:30,2024,2024-07-25,06:46:30
132992,Riyadh,2024-07-25 07:46:30,17,85,318.6,99.6,16.0,71.7958554461902,67.6608983187515,2024-07-25 07:46:30,2024,2024-07-25,07:46:30
132993,Riyadh,2024-07-25 08:46:30,26,104,446.1,124.5,24.0,72.0879015915561,74.4435735221185,2024-07-25 08:46:30,2024,2024-07-25,08:46:30
132994,Riyadh,2024-07-25 09:01:30,27,110,497.4,130.1,26.0,72.4648104827979,75.4333232545188,2024-07-25 09:01:30,2024,2024-07-25,09:01:30
133013,Riyadh,2024-07-26 06:01:30,0,19,61.1,8.4,1.0,58.0705615915459,56.979500687456,2024-07-26 06:01:30,2024,2024-07-26,06:01:30
133014,Riyadh,2024-07-26 07:01:30,0,17,73.5,12.3,0.0,57.148909166698,56.1619439103367,2024-07-26 07:01:30,2024,2024-07-26,07:01:30
133024,Riyadh,2024-07-27 06:01:30,3,29,112.7,17.9,4.0,58.8705605608504,58.4230226811611,2024-07-27 06:01:30,2024,2024-07-27,06:01:30
133025,Riyadh,2024-07-27 07:01:30,3,27,104.8,17.5,3.0,58.7738475699154,58.7435001278202,2024-07-27 07:01:30,2024,2024-07-27,07:01:30
133026,Riyadh,2024-07-27 08:16:30,5,45,159.2,24.1,6.0,60.4267943786117,60.0012755997334,2024-07-27 08:16:30,2024,2024-07-27,08:16:30
133027,Riyadh,2024-07-27 09:46:30,9,63,218.8,45.1,9.0,63.3589130597696,62.3430575419707,2024-07-27 09:46:30,2024,2024-07-27,09:46:30
133028,Riyadh,2024-07-27 10:31:30,11,89,306.9,58.8,10.0,65.2321487051928,63.8420096164009,2024-07-27 10:31:30,2024,2024-07-27,10:31:30
133048,Riyadh,2024-07-28 06:46:30,4,29,81.8,27.2,4.0,68.603319242376,58.1273459293795,2024-07-28 06:46:30,2024,2024-07-28,06:46:30
133049,Riyadh,2024-07-28 07:46:30,21,103,449.2,120.5,22.0,78.4811740161363,70.6101712354747,2024-07-28 07:46:30,2024,2024-07-28,07:46:30
133050,Riyadh,2024-07-28 08:46:30,30,133,609.2,149.7,34.0,78.4909627213507,77.3212139695657,2024-07-28 08:46:30,2024,2024-07-28,08:46:30
133051,Riyadh,2024-07-28 09:01:30,31,144,602.1,162.7,37.0,78.2356656060154,78.3475727612643,2024-07-28 09:01:30,2024,2024-07-28,09:01:30
133052,Riyadh,2024-07-28 10:01:30,28,126,483.7,136.8,32.0,75.8738517705402,75.9114074994385,2024-07-28 10:01:30,2024,2024-07-28,10:01:30
133072,Riyadh,2024-07-29 06:46:30,4,32,111.1,24.0,4.0,69.7254557056875,58.2465939540562,2024-07-29 06:46:30,2024,2024-07-29,06:46:30
133073,Riyadh,2024-07-29 07:46:30,19,92,381.4,112.8,23.0,79.6275726507526,69.4807020139554,2024-07-29 07:46:30,2024,2024-07-29,07:46:30
133074,Riyadh,2024-07-29 08:46:30,28,111,478.0,137.8,33.0,79.276066275771,76.2359107675509,2024-07-29 08:46:30,2024,2024-07-29,08:46:30
133075,Riyadh,2024-07-29 09:16:30,32,136,568.8,157.4,35.0,79.2919018810075,78.6707792957917,2024-07-29 09:16:30,2024,2024-07-29,09:16:30
133076,Riyadh,2024-07-29 10:01:30,30,141,606.5,153.8,30.0,77.5099902253677,77.2864909519506,2024-07-29 10:01:30,2024,2024-07-29,10:01:30
133096,Riyadh,2024-07-30 06:46:30,6,25,102.0,25.5,4.0,68.7732558602399,59.0219591243091,2024-07-30 06:46:30,2024,2024-07-30,06:46:30
133097,Riyadh,2024-07-30 07:46:30,21,79,392.1,130.2,20.0,78.8663095376862,70.2393255445066,2024-07-30 07:46:30,2024,2024-07-30,07:46:30
133098,Riyadh,2024-07-30 08:46:30,28,120,474.8,152.4,29.0,78.5174392061064,76.0535393551124,2024-07-30 08:46:30,2024,2024-07-30,08:46:30
133099,Riyadh,2024-07-30 09:16:30,30,136,503.4,155.1,32.0,78.513100640525,77.1850402031634,2024-07-30 09:16:30,2024,2024-07-30,09:16:30
133100,Riyadh,2024-07-30 10:01:30,26,126,475.0,131.7,28.0,76.9575597129553,75.0461344292517,2024-07-30 10:01:30,2024,2024-07-30,10:01:30
133120,Riyadh,2024-07-31 06:46:30,4,35,102.3,28.0,3.0,67.6041298743952,57.758117894911,2024-07-31 06:46:30,2024,2024-07-31,06:46:30
133121,Riyadh,2024-07-31 07:46:30,17,67,289.7,99.2,20.0,76.1278613871122,67.8442137502093,2024-07-31 07:46:30,2024,2024-07-31,07:46:30
133122,Riyadh,2024-07-31 08:46:30,26,116,461.5,134.4,28.0,76.5745540869464,74.3589088980301,2024-07-31 08:46:30,2024,2024-07-31,08:46:30
133123,Riyadh,2024-07-31 09:01:30,27,117,460.9,138.4,30.0,76.7937535390189,75.5356581283541,2024-07-31 09:01:30,2024,2024-07-31,09:01:30
133124,Riyadh,2024-07-31 10:01:30,25,120,421.0,129.5,26.0,75.7714714248411,74.024052069337,2024-07-31 10:01:30,2024,2024-07-31,10:01:30
133144,Riyadh,2024-08-01 06:46:30,3,22,79.7,18.3,3.0,65.1800558374137,57.49773070286,2024-08-01 06:46:30,2024,2024-08-01,06:46:30
133145,Riyadh,2024-08-01 07:46:30,14,72,284.0,98.0,17.0,71.5069323219385,65.9905260947342,2024-08-01 07:46:30,2024,2024-08-01,07:46:30
133146,Riyadh,2024-08-01 08:46:30,21,115,419.2,119.7,26.0,71.8733185493232,71.4583084232741,2024-08-01 08:46:30,2024,2024-08-01,08:46:30
133147,Riyadh,2024-08-01 09:01:30,23,105,420.8,125.2,27.0,72.2698476971811,72.503380728696,2024-08-01 09:01:30,2024,2024-08-01,09:01:30
133148,Riyadh,2024-08-01 10:01:30,22,116,414.2,117.7,,72.5238143127197,71.6717771724031,2024-08-01 10:01:30,2024,2024-08-01,10:01:30
133168,Riyadh,2024-08-02 06:01:30,1,14,53.3,7.9,0.0,58.0445237751797,57.6493791807417,2024-08-02 06:01:30,2024,2024-08-02,06:01:30
133169,Riyadh,2024-08-02 07:01:30,1,29,91.3,11.2,0.0,57.3112817467812,57.2736525641537,2024-08-02 07:01:30,2024,2024-08-02,07:01:30
133170,Riyadh,2024-08-02 08:46:30,1,15,66.4,11.6,0.0,57.2481075711276,56.5816146394611,2024-08-02 08:46:30,2024,2024-08-02,08:46:30
133171,Riyadh,2024-08-02 09:01:30,1,21,83.6,13.0,1.0,57.4495809713959,56.6663957766859,2024-08-02 09:01:30,2024,2024-08-02,09:01:30
133172,Riyadh,2024-08-02 10:01:30,1,20,106.3,13.2,1.0,58.0255030446104,57.0121972034225,2024-08-02 10:01:30,2024,2024-08-02,10:01:30
133192,Riyadh,2024-08-03 06:01:30,4,28,138.7,23.0,3.0,58.7766480732637,59.3080664695558,2024-08-03 06:01:30,2024,2024-08-03,06:01:30
133193,Riyadh,2024-08-03 07:46:30,4,41,142.8,19.4,3.0,59.1762977820559,58.9358584117801,2024-08-03 07:46:30,2024,2024-08-03,07:46:30
133194,Riyadh,2024-08-03 08:31:30,6,38,105.3,21.3,5.0,60.6420571410124,60.3713665747383,2024-08-03 08:31:30,2024,2024-08-03,08:31:30
133195,Riyadh,2024-08-03 09:31:30,9,58,200.2,37.6,9.0,62.9026278159129,62.3333910348269,2024-08-03 09:31:30,2024,2024-08-03,09:31:30
133196,Riyadh,2024-08-03 10:31:30,12,90,329.6,63.3,11.0,65.1868557686126,64.5873839001002,2024-08-03 10:31:30,2024,2024-08-03,10:31:30
133216,Riyadh,2024-08-04 06:46:30,3,22,74.0,23.6,4.0,68.6039672109742,57.9228499553571,2024-08-04 06:46:30,2024,2024-08-04,06:46:30
133217,Riyadh,2024-08-04 07:46:30,19,83,335.8,119.9,21.0,78.5291379838255,69.1716720035418,2024-08-04 07:46:30,2024,2024-08-04,07:46:30
133218,Riyadh,2024-08-04 08:46:30,26,120,447.3,135.5,30.0,78.5843888477533,74.7857429103755,2024-08-04 08:46:30,2024,2024-08-04,08:46:30
133219,Riyadh,2024-08-04 09:01:30,28,134,517.0,154.1,31.0,78.3177210671206,76.0195286002903,2024-08-04 09:01:30,2024,2024-08-04,09:01:30
133220,Riyadh,2024-08-04 10:01:30,26,120,457.3,126.9,28.0,76.049870897457,74.6301027621771,2024-08-04 10:01:30,2024,2024-08-04,10:01:30
133240,Riyadh,2024-08-05 06:46:30,4,20,66.8,24.8,4.0,69.7411026237487,58.3192393313316,2024-08-05 06:46:30,2024,2024-08-05,06:46:30
133241,Riyadh,2024-08-05 07:46:30,19,90,335.0,121.2,19.0,80.1343815777693,69.3498465627878,2024-08-05 07:46:30,2024,2024-08-05,07:46:30
133242,Riyadh,2024-08-05 08:46:00,27,120,507.6,138.5,28.0,79.4229785642484,75.331169877555,2024-08-05 08:46:00,2024,2024-08-05,08:46:00
133243,Riyadh,2024-08-05 09:01:30,29,132,535.7,160.0,32.0,79.2549753550461,76.558050480134,2024-08-05 09:01:30,2024,2024-08-05,09:01:30
133244,Riyadh,2024-08-05 10:01:30,26,112,440.9,140.0,30.0,77.5160002949541,75.1788479814452,2024-08-05 10:01:30,2024,2024-08-05,10:01:30
133264,Riyadh,2024-08-06 06:46:30,4,33,98.0,23.1,6.0,69.2283237914036,58.1097427325428,2024-08-06 06:46:30,2024,2024-08-06,06:46:30
133265,Riyadh,2024-08-06 07:46:30,19,87,344.7,120.8,21.0,79.0154867587123,69.1800696441397,2024-08-06 07:46:30,2024,2024-08-06,07:46:30
133266,Riyadh,2024-08-06 08:31:30,26,109,439.4,138.1,28.0,78.7012036851195,74.3509229933194,2024-08-06 08:31:30,2024,2024-08-06,08:31:30
133267,Riyadh,2024-08-06 09:16:30,29,132,557.4,155.6,30.0,78.4955946493163,76.6115648210491,2024-08-06 09:16:30,2024,2024-08-06,09:16:30
133268,Riyadh,2024-08-06 10:01:30,26,132,516.8,138.1,26.0,77.0242543910644,74.9448689271212,2024-08-06 10:01:30,2024,2024-08-06,10:01:30
133288,Riyadh,2024-08-07 06:46:30,4,29,85.8,22.9,4.0,68.0726297206591,58.2612386647752,2024-08-07 06:46:30,2024,2024-08-07,06:46:30
133289,Riyadh,2024-08-07 07:46:30,17,89,317.3,116.9,17.0,76.746116529708,68.1714485423368,2024-08-07 07:46:30,2024,2024-08-07,07:46:30
133290,Riyadh,2024-08-07 08:46:30,24,96,372.8,130.4,26.0,76.5992380418612,73.6985024345377,2024-08-07 08:46:30,2024,2024-08-07,08:46:30
133291,Riyadh,2024-08-07 09:01:30,26,109,417.3,127.9,27.0,76.6587173416641,74.9471162661805,2024-08-07 09:01:30,2024,2024-08-07,09:01:30
133292,Riyadh,2024-08-07 10:01:30,25,109,442.0,135.3,25.0,75.972338218157,74.7170912237598,2024-08-07 10:01:30,2024,2024-08-07,10:01:30
133312,Riyadh,2024-08-08 06:46:30,3,31,115.2,21.4,3.0,65.550354808186,57.8477870096244,2024-08-08 06:46:30,2024,2024-08-08,06:46:30
133313,Riyadh,2024-08-08 07:46:30,15,71,288.4,107.2,14.0,71.7696395222677,66.4435395131816,2024-08-08 07:46:30,2024,2024-08-08,07:46:30
133314,Riyadh,2024-08-08 08:46:30,22,96,405.0,114.5,21.0,71.9410980729226,71.7342118634543,2024-08-08 08:46:30,2024,2024-08-08,08:46:30
133315,Riyadh,2024-08-08 09:01:30,23,110,420.4,124.8,23.0,72.3754031843786,72.6535385843531,2024-08-08 09:01:30,2024,2024-08-08,09:01:30
133316,Riyadh,2024-08-08 10:01:30,23,105,425.0,125.4,22.0,72.7761598274474,72.768018020923,2024-08-08 10:01:30,2024,2024-08-08,10:01:30
133336,Riyadh,2024-08-09 06:01:30,3,24,100.7,16.5,1.0,58.1790498649543,58.4960014441247,2024-08-09 06:01:30,2024,2024-08-09,06:01:30
133337,Riyadh,2024-08-09 07:01:30,2,15,76.8,9.7,1.0,57.3314999893199,57.8868397520607,2024-08-09 07:01:30,2024,2024-08-09,07:01:30
133338,Riyadh,2024-08-09 08:01:30,1,22,71.2,10.0,1.0,57.0922423593894,56.6249652894915,2024-08-09 08:01:30,2024,2024-08-09,08:01:30
133339,Riyadh,2024-08-09 09:01:30,1,20,59.3,10.6,1.0,57.5972328343795,56.7143586256064,2024-08-09 09:01:30,2024,2024-08-09,09:01:30
133340,Riyadh,2024-08-09 10:01:30,1,28,105.1,10.6,1.0,58.1367380091688,57.3493814371985,2024-08-09 10:01:30,2024,2024-08-09,10:01:30
133360,Riyadh,2024-08-10 06:01:30,3,30,93.2,16.0,4.0,59.1052339866954,58.7004104737527,2024-08-10 06:01:30,2024,2024-08-10,06:01:30
133361,Riyadh,2024-08-10 07:01:30,3,31,158.3,18.1,4.0,58.8343100929237,58.776623196017,2024-08-10 07:01:30,2024,2024-08-10,07:01:30
133362,Riyadh,2024-08-10 08:46:30,6,38,116.5,29.3,6.0,61.3652372264004,60.7526579750084,2024-08-10 08:46:30,2024,2024-08-10,08:46:30
133363,Riyadh,2024-08-10 09:46:30,10,75,259.5,52.4,9.0,63.5692167532302,63.1222358437922,2024-08-10 09:46:30,2024,2024-08-10,09:46:30
133364,Riyadh,2024-08-10 10:46:30,13,98,402.4,72.6,12.0,65.443709240648,65.4782293263236,2024-08-10 10:46:30,2024,2024-08-10,10:46:30
133384,Riyadh,2024-08-11 06:46:30,6,36,123.7,42.5,3.0,69.72410304926,60.7486484875105,2024-08-11 06:46:30,2024,2024-08-11,06:46:30
133385,Riyadh,2024-08-11 07:46:30,21,95,374.0,127.2,19.0,79.0739496372997,71.4657590736465,2024-08-11 07:46:30,2024,2024-08-11,07:46:30
133386,Riyadh,2024-08-11 08:46:30,29,130,477.2,159.5,26.0,78.9251610030453,76.9482912042708,2024-08-11 08:46:30,2024,2024-08-11,08:46:30
133387,Riyadh,2024-08-11 09:01:30,30,145,533.0,167.0,28.0,78.6036740118473,77.971498828814,2024-08-11 09:01:30,2024,2024-08-11,09:01:30
133388,Riyadh,2024-08-11 10:01:30,28,143,541.7,148.8,26.0,76.0411685286095,76.1556869786512,2024-08-11 10:01:30,2024,2024-08-11,10:01:30
133408,Riyadh,2024-08-12 06:46:30,5,35,106.9,38.6,4.0,70.6290288947822,60.1138015169862,2024-08-12 06:46:30,2024,2024-08-12,06:46:30
133409,Riyadh,2024-08-12 07:46:30,22,114,437.1,137.6,19.0,80.446053733219,71.9425455505598,2024-08-12 07:46:30,2024,2024-08-12,07:46:30
133410,Riyadh,2024-08-12 08:46:30,30,142,545.7,164.0,27.0,79.7619711264529,77.710074492861,2024-08-12 08:46:30,2024,2024-08-12,08:46:30
133411,Riyadh,2024-08-12 09:16:30,33,148,577.8,187.7,29.0,79.6740211676141,80.0341430064729,2024-08-12 09:16:30,2024,2024-08-12,09:16:30
133412,Riyadh,2024-08-12 10:01:30,31,160,622.6,172.4,26.0,77.6044499499775,78.8626711233195,2024-08-12 10:01:30,2024,2024-08-12,10:01:30
133432,Riyadh,2024-08-13 06:46:30,5,32,91.3,33.8,4.0,70.1191763130396,59.7068685149539,2024-08-13 06:46:30,2024,2024-08-13,06:46:30
133433,Riyadh,2024-08-13 07:46:00,21,89,364.4,132.5,19.0,79.4055833085627,70.8333921627695,2024-08-13 07:46:00,2024,2024-08-13,07:46:00
133434,Riyadh,2024-08-13 08:46:30,28,143,564.0,167.7,26.0,78.7450363324892,76.2495211908512,2024-08-13 08:46:30,2024,2024-08-13,08:46:30
133435,Riyadh,2024-08-13 09:16:30,31,148,572.7,175.3,29.0,78.7292898555018,78.6274882599113,2024-08-13 09:16:30,2024,2024-08-13,09:16:30
133436,Riyadh,2024-08-13 10:01:30,29,161,598.6,165.8,26.0,77.3243494532786,77.4909940850723,2024-08-13 10:01:30,2024,2024-08-13,10:01:30
133456,Riyadh,2024-08-14 06:46:30,4,36,104.1,28.7,4.0,68.9820394393485,59.4598351173558,2024-08-14 06:46:30,2024,2024-08-14,06:46:30
133457,Riyadh,2024-08-14 07:46:30,20,102,363.2,132.6,17.0,77.0975144660231,70.5906940568959,2024-08-14 07:46:30,2024,2024-08-14,07:46:30
133458,Riyadh,2024-08-14 08:46:30,27,103,429.8,138.3,24.0,76.8832331137925,76.0381849957925,2024-08-14 08:46:30,2024,2024-08-14,08:46:30
133459,Riyadh,2024-08-14 09:16:30,30,141,550.3,171.2,26.0,77.0892358486434,78.2652907679515,2024-08-14 09:16:30,2024,2024-08-14,09:16:30
133460,Riyadh,2024-08-14 10:01:30,30,148,640.6,152.0,25.0,76.1350825496749,77.9572395631773,2024-08-14 10:01:30,2024,2024-08-14,10:01:30
133480,Riyadh,2024-08-15 06:46:30,5,40,160.1,35.8,3.0,66.2531874806818,59.6834728640136,2024-08-15 06:46:30,2024,2024-08-15,06:46:30
133481,Riyadh,2024-08-15 07:46:30,19,103,389.4,135.4,15.0,72.4329919532678,69.7078295609186,2024-08-15 07:46:30,2024,2024-08-15,07:46:30
133482,Riyadh,2024-08-15 08:16:30,24,111,424.2,132.6,22.0,72.6216043732647,73.7362056371115,2024-08-15 08:16:30,2024,2024-08-15,08:16:30
133483,Riyadh,2024-08-15 09:46:30,28,146,558.2,167.5,23.0,73.3925900338838,76.5077736594831,2024-08-15 09:46:30,2024,2024-08-15,09:46:30
133484,Riyadh,2024-08-15 10:01:30,28,154,598.1,163.2,23.0,73.24018076909,76.4166623429871,2024-08-15 10:01:30,2024,2024-08-15,10:01:30
133504,Riyadh,2024-08-16 06:01:30,1,18,77.4,11.5,3.0,57.6550965356352,57.1636876690658,2024-08-16 06:01:30,2024,2024-08-16,06:01:30
133505,Riyadh,2024-08-16 07:01:30,0,26,85.4,11.5,2.0,56.91809005278,56.295984842467,2024-08-16 07:01:30,2024,2024-08-16,07:01:30
133506,Riyadh,2024-08-16 08:46:30,1,9,27.8,6.5,1.0,57.3680838895744,56.6187103544157,2024-08-16 08:46:30,2024,2024-08-16,08:46:30
133507,Riyadh,2024-08-16 09:01:30,1,10,25.7,5.6,1.0,57.5720760767122,56.7812246426117,2024-08-16 09:01:30,2024,2024-08-16,09:01:30
133508,Riyadh,2024-08-16 10:01:30,1,20,67.9,7.6,1.0,58.1386858383612,57.071029276052,2024-08-16 10:01:30,2024,2024-08-16,10:01:30
133528,Riyadh,2024-08-17 06:16:30,5,31,162.9,21.2,3.0,58.740063783331,59.4076120361607,2024-08-17 06:16:30,2024,2024-08-17,06:16:30
133529,Riyadh,2024-08-17 07:01:30,5,27,141.9,25.8,3.0,58.6188822912426,59.3513491898124,2024-08-17 07:01:30,2024,2024-08-17,07:01:30
133530,Riyadh,2024-08-17 08:46:30,8,61,247.9,42.7,6.0,61.4741735469627,62.1299446556832,2024-08-17 08:46:30,2024,2024-08-17,08:46:30
133531,Riyadh,2024-08-17 09:46:30,11,83,347.0,66.5,10.0,63.4725617582466,64.116104119499,2024-08-17 09:46:30,2024,2024-08-17,09:46:30
133532,Riyadh,2024-08-17 10:46:30,14,112,513.5,85.7,13.0,65.8588449068416,66.4897569523217,2024-08-17 10:46:30,2024,2024-08-17,10:46:30
